mean_fit_time,std_fit_time,mean_score_time,std_score_time,param_n_estimators,param_min_samples_split,param_min_samples_leaf,param_max_features,param_max_depth,param_criterion,param_bootstrap,params,split0_test_score,split1_test_score,split2_test_score,mean_test_score,std_test_score,rank_test_score
85.60992248853047,0.24168251364154808,0.8060433069864908,0.0051312279920797,800,2,2,log2,,entropy,False,"{'n_estimators': 800, 'min_samples_split': 2, 'min_samples_leaf': 2, 'max_features': 'log2', 'max_depth': None, 'criterion': 'entropy', 'bootstrap': False}",0.819820100805633,0.8222811230015805,0.8109139897893358,0.8176717378655164,0.004882931282066723,65
1817.0888466835022,8.170825555699498,0.5511670112609863,0.026755424719289198,800,10,2,0.05,40,entropy,False,"{'n_estimators': 800, 'min_samples_split': 10, 'min_samples_leaf': 2, 'max_features': 0.05, 'max_depth': 40, 'criterion': 'entropy', 'bootstrap': False}",0.845514829677353,0.8345908484015093,0.8337387603074975,0.8379481461287867,0.005361749619486684,9
394.12076807022095,6.147008196589911,0.19997533162434897,0.006579665112191763,300,5,4,0.05,40,entropy,True,"{'n_estimators': 300, 'min_samples_split': 5, 'min_samples_leaf': 4, 'max_features': 0.05, 'max_depth': 40, 'criterion': 'entropy', 'bootstrap': True}",0.8347450137450951,0.817132367783615,0.8194955260341186,0.8237909691876096,0.007805530020644136,50
2537.289470354716,4.510582421435474,0.3631911277770996,0.012403636250280821,500,2,2,0.1,20,entropy,False,"{'n_estimators': 500, 'min_samples_split': 2, 'min_samples_leaf': 2, 'max_features': 0.1, 'max_depth': 20, 'criterion': 'entropy', 'bootstrap': False}",0.8444426298729244,0.8335217697143779,0.8314739999360063,0.8364794665077695,0.0056925283399330475,13
345.18563954035443,43.55158715658741,0.2666753927866618,0.02598665411060578,300,10,2,0.02,60,entropy,False,"{'n_estimators': 300, 'min_samples_split': 10, 'min_samples_leaf': 2, 'max_features': 0.02, 'max_depth': 60, 'criterion': 'entropy', 'bootstrap': False}",0.8362498124246183,0.838873998392001,0.8316291592899013,0.8355843233688401,0.0029948934501190013,15
478.9564043680827,28.929334318173144,0.1814579963684082,0.010456215183060108,300,20,8,0.1,60,gini,True,"{'n_estimators': 300, 'min_samples_split': 20, 'min_samples_leaf': 8, 'max_features': 0.1, 'max_depth': 60, 'criterion': 'gini', 'bootstrap': True}",0.813994382947403,0.8124832856227397,0.8046030148776167,0.8103602278159198,0.004117440903755229,83
2684.618409792582,51.193807538133086,0.5757745901743571,0.007562066807532632,800,2,1,0.1,40,entropy,True,"{'n_estimators': 800, 'min_samples_split': 2, 'min_samples_leaf': 1, 'max_features': 0.1, 'max_depth': 40, 'criterion': 'entropy', 'bootstrap': True}",0.8388867541852078,0.8184514066420372,0.8205032963385833,0.8259471523886095,0.009187946227625123,40
19.049861272176106,0.28148581150307916,0.27292943000793457,0.015820653542243365,300,5,2,log2,60,gini,False,"{'n_estimators': 300, 'min_samples_split': 5, 'min_samples_leaf': 2, 'max_features': 'log2', 'max_depth': 60, 'criterion': 'gini', 'bootstrap': False}",0.8154700510266226,0.818517159769819,0.8054166098282748,0.8131346068749054,0.005597429572703635,80
49.566325743993126,0.7796572996847533,0.6280878384908041,0.008705585420284389,800,10,2,log2,40,gini,False,"{'n_estimators': 800, 'min_samples_split': 10, 'min_samples_leaf': 2, 'max_features': 'log2', 'max_depth': 40, 'criterion': 'gini', 'bootstrap': False}",0.8109909700388057,0.821178252811415,0.8105741526825718,0.8142477918442642,0.004903529415296373,75
6951.576847871144,77.01026270092737,0.512276808420817,0.07704703312926013,800,2,8,0.2,60,entropy,False,"{'n_estimators': 800, 'min_samples_split': 2, 'min_samples_leaf': 8, 'max_features': 0.2, 'max_depth': 60, 'criterion': 'entropy', 'bootstrap': False}",0.8342310156221061,0.8185171397240363,0.8222976286259865,0.825015261324043,0.006696796226362976,44
1130.4841459592183,101.03417818974017,0.4557698567708333,0.05872105547938543,800,2,2,0.05,60,entropy,True,"{'n_estimators': 800, 'min_samples_split': 2, 'min_samples_leaf': 2, 'max_features': 0.05, 'max_depth': 60, 'criterion': 'entropy', 'bootstrap': True}",0.8365095364581892,0.8244436796618946,0.8255271197949965,0.82882677863836,0.00545050679106158,30
24.350141048431396,1.2318190385320615,0.28830353418986004,0.036681925883737566,300,2,2,log2,60,entropy,True,"{'n_estimators': 300, 'min_samples_split': 2, 'min_samples_leaf': 2, 'max_features': 'log2', 'max_depth': 60, 'criterion': 'entropy', 'bootstrap': True}",0.7973919537840518,0.7956948726586031,0.7860575397496549,0.7930481220641031,0.004991406074971757,95
439.7596070766449,0.811375250815158,0.48802987734476727,0.007817597125413647,800,2,2,sqrt,20,entropy,False,"{'n_estimators': 800, 'min_samples_split': 2, 'min_samples_leaf': 2, 'max_features': 'sqrt', 'max_depth': 20, 'criterion': 'entropy', 'bootstrap': False}",0.8427425601338583,0.8383976918757234,0.8296127224949799,0.8369176581681872,0.005461442662728702,12
42.74780011177063,0.17995038694989224,0.4587377707163493,0.0202114292838525,800,20,1,log2,,entropy,True,"{'n_estimators': 800, 'min_samples_split': 20, 'min_samples_leaf': 1, 'max_features': 'log2', 'max_depth': None, 'criterion': 'entropy', 'bootstrap': True}",0.7942193174167176,0.7971888056374004,0.7861567404600578,0.7925216211713919,0.004661061747808702,97
82.25247796376546,0.3918756552373088,0.16474350293477377,0.020488621524465424,300,2,8,0.02,,gini,True,"{'n_estimators': 300, 'min_samples_split': 2, 'min_samples_leaf': 8, 'max_features': 0.02, 'max_depth': None, 'criterion': 'gini', 'bootstrap': True}",0.8212565745085136,0.8141251321985026,0.8101892618751143,0.8151903228607101,0.0045805622356133524,70
4498.879396359126,14.780659066214877,0.8517616589864095,0.6494512920586234,800,2,8,0.2,,entropy,True,"{'n_estimators': 800, 'min_samples_split': 2, 'min_samples_leaf': 8, 'max_features': 0.2, 'max_depth': None, 'criterion': 'entropy', 'bootstrap': True}",0.8227581295345663,0.8033943048799768,0.8015217146063757,0.8092247163403062,0.009600055662967977,87
455.7897153695424,74.67042239943265,0.41063324610392254,0.05111540761015304,800,20,1,0.02,20,entropy,True,"{'n_estimators': 800, 'min_samples_split': 20, 'min_samples_leaf': 1, 'max_features': 0.02, 'max_depth': 20, 'criterion': 'entropy', 'bootstrap': True}",0.8272080372933139,0.8240354681427873,0.8110579022872914,0.8207671359077975,0.006986568632115666,60
3547.1873875459037,39.764624057501486,1.4626411596934001,1.1568489276630436,800,2,1,0.2,20,gini,True,"{'n_estimators': 800, 'min_samples_split': 2, 'min_samples_leaf': 1, 'max_features': 0.2, 'max_depth': 20, 'criterion': 'gini', 'bootstrap': True}",0.8366905671305243,0.8180804391663955,0.8198285794538114,0.824866528583577,0.008391261895006882,45
164.87933691342673,1.2540089053573877,0.28981741269429523,0.008049530900124986,500,5,1,sqrt,80,entropy,True,"{'n_estimators': 500, 'min_samples_split': 5, 'min_samples_leaf': 1, 'max_features': 'sqrt', 'max_depth': 80, 'criterion': 'entropy', 'bootstrap': True}",0.8278003946119156,0.8167263311974646,0.8154414409932468,0.8199893889342089,0.005548068311409358,62
566.1280315717062,23.16952584116758,0.38341625531514484,0.04238237975999636,500,2,2,0.05,,gini,True,"{'n_estimators': 500, 'min_samples_split': 2, 'min_samples_leaf': 2, 'max_features': 0.05, 'max_depth': None, 'criterion': 'gini', 'bootstrap': True}",0.8286855036235525,0.8231287248894228,0.8294468612582881,0.8270870299237544,0.0028161499037520844,38
1540.9453731377919,9.872287184369684,0.36962660153706867,0.020596075399912345,500,2,2,0.05,80,entropy,False,"{'n_estimators': 500, 'min_samples_split': 2, 'min_samples_leaf': 2, 'max_features': 0.05, 'max_depth': 80, 'criterion': 'entropy', 'bootstrap': False}",0.8379686205506284,0.8391615847644197,0.8380125692693525,0.8383809248614669,0.0005523014186282265,8
602.103413661321,2.8058174969714753,0.6196571985880533,0.025856986392424768,800,10,2,0.02,20,entropy,True,"{'n_estimators': 800, 'min_samples_split': 10, 'min_samples_leaf': 2, 'max_features': 0.02, 'max_depth': 20, 'criterion': 'entropy', 'bootstrap': True}",0.8270221327236106,0.8194055205831883,0.8174066232354029,0.821278092180734,0.00414281699414009,56
325.87964113553363,4.612394532758331,0.2082707087198893,0.019377787340951108,300,20,4,0.05,,gini,True,"{'n_estimators': 300, 'min_samples_split': 20, 'min_samples_leaf': 4, 'max_features': 0.05, 'max_depth': None, 'criterion': 'gini', 'bootstrap': True}",0.8267551832410346,0.8172886548771292,0.8185515734942335,0.8208651372041323,0.004196683023212287,59
848.3298981984457,2.7994788771155776,0.2232817808787028,0.008932860490848406,300,10,8,0.05,,entropy,False,"{'n_estimators': 300, 'min_samples_split': 10, 'min_samples_leaf': 8, 'max_features': 0.05, 'max_depth': None, 'criterion': 'entropy', 'bootstrap': False}",0.837012381227833,0.8227853475501592,0.8264651401746443,0.8287542896508788,0.0060294983655261765,32
597.6384410858154,3.5564035280143345,0.5501968860626221,0.05350756844905517,800,2,8,sqrt,,entropy,False,"{'n_estimators': 800, 'min_samples_split': 2, 'min_samples_leaf': 8, 'max_features': 'sqrt', 'max_depth': None, 'criterion': 'entropy', 'bootstrap': False}",0.8309842329564631,0.8193486373632916,0.8181391721549612,0.8228240141582387,0.005791233584692879,54
249.72746682167053,1.2042216898313676,0.3816541830698649,0.007816842533342016,500,10,2,sqrt,80,entropy,True,"{'n_estimators': 500, 'min_samples_split': 10, 'min_samples_leaf': 2, 'max_features': 'sqrt', 'max_depth': 80, 'criterion': 'entropy', 'bootstrap': True}",0.8284513476033021,0.8251930953414182,0.8145778277459195,0.8227407568968799,0.005923349907679924,55
522.9009398619334,1.5073672579810244,0.49849724769592285,0.06197005161175243,800,20,8,0.02,20,entropy,True,"{'n_estimators': 800, 'min_samples_split': 20, 'min_samples_leaf': 8, 'max_features': 0.02, 'max_depth': 20, 'criterion': 'entropy', 'bootstrap': True}",0.8140506120147184,0.8132562478401417,0.8011705016798457,0.8094924538449019,0.005893438130020867,86
1641.9481391906738,8.289315103717533,0.19049668312072754,0.027620553352590442,300,10,1,0.05,40,entropy,False,"{'n_estimators': 300, 'min_samples_split': 10, 'min_samples_leaf': 1, 'max_features': 0.05, 'max_depth': 40, 'criterion': 'entropy', 'bootstrap': False}",0.8442225425818654,0.8254516293265399,0.8313387894071588,0.833670987105188,0.007838628948430444,20
624.5181629657745,355.8034855165506,0.6218076546986898,0.011016232589161276,800,5,4,sqrt,,gini,False,"{'n_estimators': 800, 'min_samples_split': 5, 'min_samples_leaf': 4, 'max_features': 'sqrt', 'max_depth': None, 'criterion': 'gini', 'bootstrap': False}",0.8336863037241194,0.8304084396243668,0.826204942734317,0.8300998953609344,0.003062035296640376,27
391.80128661791485,2.2207650220986226,0.5700983206431071,0.02963942192213584,800,5,1,0.02,,gini,True,"{'n_estimators': 800, 'min_samples_split': 5, 'min_samples_leaf': 1, 'max_features': 0.02, 'max_depth': None, 'criterion': 'gini', 'bootstrap': True}",0.8341803337588649,0.8324720298567492,0.8303591798575879,0.832337181157734,0.0015628909991915005,25
59.706225872039795,0.6540634383976207,0.6010297934214274,0.03210993165700429,800,10,4,log2,60,entropy,True,"{'n_estimators': 800, 'min_samples_split': 10, 'min_samples_leaf': 4, 'max_features': 'log2', 'max_depth': 60, 'criterion': 'entropy', 'bootstrap': True}",0.7862638313765369,0.8035872920943997,0.7854438284452181,0.7917649839720515,0.008366334450508467,98
1497.8350378672283,3.9429602812730704,0.4898247718811035,0.03265820541454538,800,2,2,0.05,80,entropy,True,"{'n_estimators': 800, 'min_samples_split': 2, 'min_samples_leaf': 2, 'max_features': 0.05, 'max_depth': 80, 'criterion': 'entropy', 'bootstrap': True}",0.8365095364581892,0.8244436796618946,0.8255271197949965,0.82882677863836,0.00545050679106158,30
1893.5455361207325,13.784059516710741,0.34010807673136395,0.003147531229943333,500,10,4,0.1,40,gini,False,"{'n_estimators': 500, 'min_samples_split': 10, 'min_samples_leaf': 4, 'max_features': 0.1, 'max_depth': 40, 'criterion': 'gini', 'bootstrap': False}",0.8459630676889984,0.8277597807743216,0.8271655147949122,0.8336294544194107,0.008724555393691352,21
20.004783709843952,0.23077364069909845,0.3598151206970215,0.020853909615932215,500,2,8,log2,20,gini,True,"{'n_estimators': 500, 'min_samples_split': 2, 'min_samples_leaf': 8, 'max_features': 'log2', 'max_depth': 20, 'criterion': 'gini', 'bootstrap': True}",0.7928471612711228,0.7931981949832836,0.7755553802075006,0.7872002454873023,0.008235410198458729,99
1310.3870131174724,85.39282757693029,0.3907965024312337,0.07700526754726744,800,20,4,0.05,80,entropy,True,"{'n_estimators': 800, 'min_samples_split': 20, 'min_samples_leaf': 4, 'max_features': 0.05, 'max_depth': 80, 'criterion': 'entropy', 'bootstrap': True}",0.8302310184807744,0.816261083922442,0.8168281942231804,0.8211067655421322,0.006455973837696914,58
906.2699842453003,12.2348123479099,0.12793072064717612,0.0024171037295668604,300,20,4,0.1,80,gini,False,"{'n_estimators': 300, 'min_samples_split': 20, 'min_samples_leaf': 4, 'max_features': 0.1, 'max_depth': 80, 'criterion': 'gini', 'bootstrap': False}",0.8385647548596782,0.8209803945677866,0.828128584113193,0.8292245778468859,0.007220495523945892,29
25.007758378982544,0.1254916077553098,0.45947058995564777,0.018012855576728333,800,2,1,log2,40,gini,True,"{'n_estimators': 800, 'min_samples_split': 2, 'min_samples_leaf': 1, 'max_features': 'log2', 'max_depth': 40, 'criterion': 'gini', 'bootstrap': True}",0.8177845014024531,0.8178058384811524,0.806589159208488,0.8140598330306977,0.005282571301687629,77
338.2961569627126,0.9085425609133119,0.34671862920125324,0.012110798566324904,800,2,1,0.02,60,entropy,True,"{'n_estimators': 800, 'min_samples_split': 2, 'min_samples_leaf': 1, 'max_features': 0.02, 'max_depth': 60, 'criterion': 'entropy', 'bootstrap': True}",0.8363640177163059,0.8361277497823227,0.8249924881445083,0.8324947518810456,0.0053057783917523586,23
1017.792275985082,32.474010589393124,0.2204585075378418,0.023114968260048285,500,2,4,0.1,20,entropy,True,"{'n_estimators': 500, 'min_samples_split': 2, 'min_samples_leaf': 4, 'max_features': 0.1, 'max_depth': 20, 'criterion': 'entropy', 'bootstrap': True}",0.8320465857882436,0.8140484147584254,0.8157541826711344,0.8206163944059345,0.008112310288286888,61
2191.8602503935494,68.68996258594183,0.1580533186594645,0.009227466120357736,300,2,8,0.2,60,entropy,False,"{'n_estimators': 300, 'min_samples_split': 2, 'min_samples_leaf': 8, 'max_features': 0.2, 'max_depth': 60, 'criterion': 'entropy', 'bootstrap': False}",0.824157809075508,0.8154830707498971,0.8140185853141431,0.8178864883798495,0.004474615577434602,64
14.639721473058065,0.08808922041916802,0.18430527051289877,0.00419705388029909,300,2,8,log2,20,gini,False,"{'n_estimators': 300, 'min_samples_split': 2, 'min_samples_leaf': 8, 'max_features': 'log2', 'max_depth': 20, 'criterion': 'gini', 'bootstrap': False}",0.7961800386622631,0.7981837619356128,0.7931030160411294,0.7958222722130017,0.002089576087031401,94
26.877685546875,0.03727140344500833,0.47408421834309894,0.002028684102239801,800,20,2,log2,80,gini,True,"{'n_estimators': 800, 'min_samples_split': 20, 'min_samples_leaf': 2, 'max_features': 'log2', 'max_depth': 80, 'criterion': 'gini', 'bootstrap': True}",0.7991073419199374,0.795430383033237,0.783990574849996,0.7928427666010567,0.006436923735335206,96
172.61983625094095,0.9307784127072841,0.19690688451131186,0.011661988054807821,300,2,2,0.02,60,gini,False,"{'n_estimators': 300, 'min_samples_split': 2, 'min_samples_leaf': 2, 'max_features': 0.02, 'max_depth': 60, 'criterion': 'gini', 'bootstrap': False}",0.8470901301048164,0.839394825422792,0.8482574419238271,0.8449141324838118,0.003931727105320528,1
425.4505757490794,1.6652983026018986,0.4836881160736084,0.01799172838562788,800,10,4,0.02,20,gini,False,"{'n_estimators': 800, 'min_samples_split': 10, 'min_samples_leaf': 4, 'max_features': 0.02, 'max_depth': 20, 'criterion': 'gini', 'bootstrap': False}",0.8352032404197851,0.8348460983715131,0.8350411917370206,0.835030176842773,0.00014601051693272156,17
26.583127816518147,0.062256841517010664,0.22053265571594238,0.01849804572599027,300,10,4,log2,,entropy,False,"{'n_estimators': 300, 'min_samples_split': 10, 'min_samples_leaf': 4, 'max_features': 'log2', 'max_depth': None, 'criterion': 'entropy', 'bootstrap': False}",0.8134550490787024,0.8036270704244918,0.7960802364482755,0.8043874519838233,0.007113586229764304,91
45.35166613260905,0.117209446104875,0.5156377156575521,0.004279650917054899,800,5,2,log2,,entropy,True,"{'n_estimators': 800, 'min_samples_split': 5, 'min_samples_leaf': 2, 'max_features': 'log2', 'max_depth': None, 'criterion': 'entropy', 'bootstrap': True}",0.8066691172649273,0.8133934566324034,0.8020245935098977,0.8073623891357428,0.0046671355661844025,88
150.35735948880514,0.6638737643409357,0.15905213356018066,0.006577140371245935,300,20,1,0.02,40,entropy,True,"{'n_estimators': 300, 'min_samples_split': 20, 'min_samples_leaf': 1, 'max_features': 0.02, 'max_depth': 40, 'criterion': 'entropy', 'bootstrap': True}",0.8158939071991538,0.8132281441221599,0.8105678098479859,0.8132299537230998,0.0021743705149645737,79
179.14503741264343,0.18032559321699715,0.19969511032104492,0.004483792890653119,300,5,1,0.02,40,gini,False,"{'n_estimators': 300, 'min_samples_split': 5, 'min_samples_leaf': 1, 'max_features': 0.02, 'max_depth': 40, 'criterion': 'gini', 'bootstrap': False}",0.8509554614282623,0.8384160862299898,0.8363233575640209,0.8418983017407576,0.006461113656383673,2
144.3742314974467,0.7673422787940237,0.1510756015777588,0.012124671216873528,300,20,4,0.02,80,entropy,True,"{'n_estimators': 300, 'min_samples_split': 20, 'min_samples_leaf': 4, 'max_features': 0.02, 'max_depth': 80, 'criterion': 'entropy', 'bootstrap': True}",0.8174590816039429,0.8174665435677912,0.815441739757842,0.8167891216431921,0.0009527477381949016,67
2960.561335245768,12.742470583179685,0.37386663754781085,0.012586075848909072,800,10,8,0.1,80,entropy,False,"{'n_estimators': 800, 'min_samples_split': 10, 'min_samples_leaf': 8, 'max_features': 0.1, 'max_depth': 80, 'criterion': 'entropy', 'bootstrap': False}",0.8346659591395571,0.820750583107097,0.8239097827634556,0.8264421083367033,0.005956449005791063,39
94.55243508021037,0.34441278979653006,0.1807252566019694,0.00362321336817392,300,2,4,0.02,80,gini,True,"{'n_estimators': 300, 'min_samples_split': 2, 'min_samples_leaf': 4, 'max_features': 0.02, 'max_depth': 80, 'criterion': 'gini', 'bootstrap': True}",0.8223127597267146,0.8228409198722642,0.8243562314690706,0.8231699703560165,0.0008660830815016324,52
3846.6714720726013,17.247284973241527,0.3832869529724121,0.029503062933251795,800,20,8,0.2,,gini,False,"{'n_estimators': 800, 'min_samples_split': 20, 'min_samples_leaf': 8, 'max_features': 0.2, 'max_depth': None, 'criterion': 'gini', 'bootstrap': False}",0.8192386438406968,0.8053691444657447,0.8186141317823576,0.8144073066962664,0.006396029299842944,74
1453.6021482944489,9.385315869842335,0.2908191680908203,0.014578171350308715,500,5,1,0.1,,gini,False,"{'n_estimators': 500, 'min_samples_split': 5, 'min_samples_leaf': 1, 'max_features': 0.1, 'max_depth': None, 'criterion': 'gini', 'bootstrap': False}",0.8508247601770946,0.8315062113410971,0.8393844136522501,0.8405717950568139,0.00793132978476846,4
269.0578806400299,0.9655401195249591,0.4602232774098714,0.025166313897239175,800,5,2,0.02,60,gini,True,"{'n_estimators': 800, 'min_samples_split': 5, 'min_samples_leaf': 2, 'max_features': 0.02, 'max_depth': 60, 'criterion': 'gini', 'bootstrap': True}",0.8302491988809001,0.8277535981092479,0.8264029525625007,0.8281352498508828,0.0015932453722658766,35
416.8341133594513,1.8180886251435606,0.4512329896291097,0.0165861126054525,800,20,2,sqrt,80,entropy,False,"{'n_estimators': 800, 'min_samples_split': 20, 'min_samples_leaf': 2, 'max_features': 'sqrt', 'max_depth': 80, 'criterion': 'entropy', 'bootstrap': False}",0.8285792185543375,0.8286248837322252,0.8173127518207324,0.8248389513690983,0.0053218593905066695,46
82.24230400721233,0.15288664802071766,0.17511971791585287,0.013712661654157828,300,10,8,0.02,60,gini,True,"{'n_estimators': 300, 'min_samples_split': 10, 'min_samples_leaf': 8, 'max_features': 0.02, 'max_depth': 60, 'criterion': 'gini', 'bootstrap': True}",0.8212565745085136,0.8141251321985026,0.8101892618751143,0.8151903228607101,0.0045805622356133524,70
28.00966191291809,0.08378527835840208,0.24500624338785806,0.009930738486276626,300,5,1,log2,40,entropy,False,"{'n_estimators': 300, 'min_samples_split': 5, 'min_samples_leaf': 1, 'max_features': 'log2', 'max_depth': 40, 'criterion': 'entropy', 'bootstrap': False}",0.8188672724486511,0.8157578091395767,0.8073754541798539,0.8140001785893606,0.0048533439086918964,78
287.8288953304291,1.271823590327123,0.30262557665507,0.011523704389843051,500,10,1,0.02,40,gini,False,"{'n_estimators': 500, 'min_samples_split': 10, 'min_samples_leaf': 1, 'max_features': 0.02, 'max_depth': 40, 'criterion': 'gini', 'bootstrap': False}",0.8350875336292981,0.8361067313417915,0.8290761604874725,0.8334234751528541,0.003102047667178256,22
25.733773310979206,0.04550292631864347,0.21362988154093424,0.007799350806370688,300,5,4,log2,60,entropy,False,"{'n_estimators': 300, 'min_samples_split': 5, 'min_samples_leaf': 4, 'max_features': 'log2', 'max_depth': 60, 'criterion': 'entropy', 'bootstrap': False}",0.8165940442715243,0.8140242051590783,0.7984711970121462,0.8096964821475829,0.008006509353638724,85
172.24806690216064,1.1160132198711012,0.4196956952412923,0.0026444158149238907,800,20,1,sqrt,80,gini,True,"{'n_estimators': 800, 'min_samples_split': 20, 'min_samples_leaf': 1, 'max_features': 'sqrt', 'max_depth': 80, 'criterion': 'gini', 'bootstrap': True}",0.8282261733105856,0.8218977502070705,0.8231852361340971,0.8244363865505844,0.002730844529662715,48
266.62023361523944,0.8096705230723333,0.46326859792073566,0.025403243003715614,800,5,2,0.02,20,gini,True,"{'n_estimators': 800, 'min_samples_split': 5, 'min_samples_leaf': 2, 'max_features': 0.02, 'max_depth': 20, 'criterion': 'gini', 'bootstrap': True}",0.8316092548562201,0.8298685875088978,0.824426883486837,0.8286349086173183,0.0030592033088785234,33
262.41832280158997,0.8438797302123405,0.4720393816630046,0.022690387220011744,800,5,2,sqrt,20,entropy,True,"{'n_estimators': 800, 'min_samples_split': 5, 'min_samples_leaf': 2, 'max_features': 'sqrt', 'max_depth': 20, 'criterion': 'entropy', 'bootstrap': True}",0.8306244145108209,0.8215701479529376,0.8171946121991137,0.823129724887624,0.005592501389914214,53
1219.2432526747386,5.278438920632377,0.16441925366719565,0.014959714951826873,300,10,1,0.1,,entropy,False,"{'n_estimators': 300, 'min_samples_split': 10, 'min_samples_leaf': 1, 'max_features': 0.1, 'max_depth': None, 'criterion': 'entropy', 'bootstrap': False}",0.8388735441936528,0.8334876051686934,0.8320873178482869,0.8348161557368776,0.002925406178271271,18
258.01535177230835,0.31983878373917374,0.18522063891092935,0.007248876739021011,300,5,1,0.02,80,entropy,False,"{'n_estimators': 300, 'min_samples_split': 5, 'min_samples_leaf': 1, 'max_features': 0.02, 'max_depth': 80, 'criterion': 'entropy', 'bootstrap': False}",0.8328773976216179,0.8393346791190327,0.8355856033300195,0.8359325600235566,0.0026475655855403525,14
101.46194354693095,0.33199422792643757,0.17784953117370605,0.006441146770664624,300,2,1,sqrt,80,entropy,True,"{'n_estimators': 300, 'min_samples_split': 2, 'min_samples_leaf': 1, 'max_features': 'sqrt', 'max_depth': 80, 'criterion': 'entropy', 'bootstrap': True}",0.8243787439258026,0.8177645016654358,0.8168419292746647,0.8196617249553011,0.0033566338227562532,63
422.60232973098755,1.402841613160556,0.46903077761332196,0.02192841337534338,800,2,4,sqrt,20,entropy,False,"{'n_estimators': 800, 'min_samples_split': 2, 'min_samples_leaf': 4, 'max_features': 'sqrt', 'max_depth': 20, 'criterion': 'entropy', 'bootstrap': False}",0.839494264446993,0.8331631883002861,0.8243969982299952,0.8323514836590915,0.006190100167478634,24
261.88221247990924,0.9648925394198566,0.31774036089579266,0.015447635054814408,500,2,4,0.02,80,gini,False,"{'n_estimators': 500, 'min_samples_split': 2, 'min_samples_leaf': 4, 'max_features': 0.02, 'max_depth': 80, 'criterion': 'gini', 'bootstrap': False}",0.8369212934106129,0.8395490689836503,0.82867737709027,0.8350492464948444,0.004631546962392926,16
1937.351260503133,7.424625018874099,0.3669455051422119,0.013549670535832076,800,2,2,0.1,40,entropy,True,"{'n_estimators': 800, 'min_samples_split': 2, 'min_samples_leaf': 2, 'max_features': 0.1, 'max_depth': 40, 'criterion': 'entropy', 'bootstrap': True}",0.8366373292873307,0.82321807696435,0.8239670688769525,0.8279408250428778,0.006156954700533231,36
240.61198862393698,1.199745196314679,0.43101930618286133,0.016455196686680745,800,2,8,sqrt,40,gini,False,"{'n_estimators': 800, 'min_samples_split': 2, 'min_samples_leaf': 8, 'max_features': 'sqrt', 'max_depth': 40, 'criterion': 'gini', 'bootstrap': False}",0.8289015838676248,0.8276102255314285,0.8174445938153977,0.824652134404817,0.005123695450174675,47
46.325735012690224,0.24903864455743546,0.36564405759175617,0.014693568105495346,500,5,2,log2,40,entropy,False,"{'n_estimators': 500, 'min_samples_split': 5, 'min_samples_leaf': 2, 'max_features': 'log2', 'max_depth': 40, 'criterion': 'entropy', 'bootstrap': False}",0.8146242194823468,0.8139937831321367,0.8018675258527419,0.8101618428224086,0.005870612290206776,84
615.4767085711161,1.9025664565487668,0.1660606861114502,0.0060289682482569905,300,5,2,0.05,60,entropy,False,"{'n_estimators': 300, 'min_samples_split': 5, 'min_samples_leaf': 2, 'max_features': 0.05, 'max_depth': 60, 'criterion': 'entropy', 'bootstrap': False}",0.8456192767247481,0.8324031141590629,0.8332132550296065,0.8370785486378058,0.006048256456690358,10
23.95254349708557,0.06237190375304778,0.316360870997111,0.015761031111219584,500,10,8,log2,60,gini,False,"{'n_estimators': 500, 'min_samples_split': 10, 'min_samples_leaf': 8, 'max_features': 'log2', 'max_depth': 60, 'criterion': 'gini', 'bootstrap': False}",0.7973324499289136,0.8001954902793843,0.7935457912660387,0.7970245771581123,0.0027234430994940834,93
2256.8333064715066,9.462774523971738,0.4380088647206624,0.012506548735484216,800,2,2,0.1,40,gini,False,"{'n_estimators': 800, 'min_samples_split': 2, 'min_samples_leaf': 2, 'max_features': 0.1, 'max_depth': 40, 'criterion': 'gini', 'bootstrap': False}",0.8487070294767535,0.834589280176754,0.8381888327431504,0.8404950474655527,0.005989806957589272,6
403.93487763404846,1.7639943821786475,0.4446437358856201,0.02010808903592489,800,5,2,0.02,80,entropy,True,"{'n_estimators': 800, 'min_samples_split': 5, 'min_samples_leaf': 2, 'max_features': 0.02, 'max_depth': 80, 'criterion': 'entropy', 'bootstrap': True}",0.8392997980290433,0.8287645019425085,0.8215465620880482,0.8298702873532,0.0072897836101873245,28
1405.2396076520283,9.288685897194826,0.2841203212738037,0.016417634491244875,500,2,2,0.1,40,gini,False,"{'n_estimators': 500, 'min_samples_split': 2, 'min_samples_leaf': 2, 'max_features': 0.1, 'max_depth': 40, 'criterion': 'gini', 'bootstrap': False}",0.8494186098918255,0.8332645857193264,0.8346147601547764,0.8390993185886427,0.007317630422547667,7
226.38738791147867,0.4306746376699123,0.1719383398691813,0.014132762697631864,300,20,4,0.05,20,gini,True,"{'n_estimators': 300, 'min_samples_split': 20, 'min_samples_leaf': 4, 'max_features': 0.05, 'max_depth': 20, 'criterion': 'gini', 'bootstrap': True}",0.8267551832410346,0.8179870357012349,0.8186394033632487,0.8211272074351728,0.003988481719914253,57
40.921067794164024,0.07380446598674632,0.5288882255554199,0.014089856304743499,800,20,4,log2,,gini,False,"{'n_estimators': 800, 'min_samples_split': 20, 'min_samples_leaf': 4, 'max_features': 'log2', 'max_depth': None, 'criterion': 'gini', 'bootstrap': False}",0.810985903104642,0.8114235238174505,0.7944200622012385,0.8056098297077771,0.00791437723849698,89
547.4424585501353,2.497111495769702,0.24089932441711426,0.011255541082012115,500,2,8,0.05,40,entropy,True,"{'n_estimators': 500, 'min_samples_split': 2, 'min_samples_leaf': 8, 'max_features': 0.05, 'max_depth': 40, 'criterion': 'entropy', 'bootstrap': True}",0.8252191474928983,0.8202131627082555,0.8065961970792258,0.8173428357601265,0.007869038616391558,66
3866.8363830248513,8.190083375475455,0.244855006535848,0.005890187831614665,500,2,4,0.2,20,entropy,False,"{'n_estimators': 500, 'min_samples_split': 2, 'min_samples_leaf': 4, 'max_features': 0.2, 'max_depth': 20, 'criterion': 'entropy', 'bootstrap': False}",0.8356172405587691,0.824479095293982,0.8217944346705005,0.8272969235077506,0.005984569465880313,37
416.5710504055023,1.8041905104477334,0.17963409423828125,0.005138479200185618,300,10,2,0.05,80,gini,False,"{'n_estimators': 300, 'min_samples_split': 10, 'min_samples_leaf': 2, 'max_features': 0.05, 'max_depth': 80, 'criterion': 'gini', 'bootstrap': False}",0.844142353142595,0.8294646128892703,0.8375676294188291,0.8370581984835649,0.006002980073506279,11
1386.3964246114094,10.31896292890991,0.22926847139994302,0.016678638959836928,500,5,8,0.2,60,gini,True,"{'n_estimators': 500, 'min_samples_split': 5, 'min_samples_leaf': 8, 'max_features': 0.2, 'max_depth': 60, 'criterion': 'gini', 'bootstrap': True}",0.8158052022477266,0.7908283712267772,0.8054238260840649,0.8040191331861896,0.01024501158500308,92
1153.1667732397716,4.040146547332743,0.15084354082743326,0.010660328822251047,300,20,4,0.1,80,entropy,False,"{'n_estimators': 300, 'min_samples_split': 20, 'min_samples_leaf': 4, 'max_features': 0.1, 'max_depth': 80, 'criterion': 'entropy', 'bootstrap': False}",0.8411384978902002,0.8210941969023596,0.8307569360137043,0.8309965436020881,0.00818480540880866,26
2400.9107019106546,12.239130863570262,0.23200281461079916,0.013867588942552269,500,10,8,0.2,40,gini,False,"{'n_estimators': 500, 'min_samples_split': 10, 'min_samples_leaf': 8, 'max_features': 0.2, 'max_depth': 40, 'criterion': 'gini', 'bootstrap': False}",0.8253877653426044,0.806329871949667,0.8183263080443676,0.8166813151122131,0.007866821740884123,68
2337.9288510481515,12.10502048426288,0.21967260042826334,0.010601133287091584,500,20,1,0.2,60,entropy,True,"{'n_estimators': 500, 'min_samples_split': 20, 'min_samples_leaf': 1, 'max_features': 0.2, 'max_depth': 60, 'criterion': 'entropy', 'bootstrap': True}",0.8235396383735543,0.8066688588670035,0.8152876574841073,0.8151653849082217,0.006888009544455927,72
586.0595405896505,0.8593030075435509,0.24795174598693848,0.011762426489884866,500,10,8,0.05,80,gini,False,"{'n_estimators': 500, 'min_samples_split': 10, 'min_samples_leaf': 8, 'max_features': 0.05, 'max_depth': 80, 'criterion': 'gini', 'bootstrap': False}",0.8319851882121345,0.8200048608066678,0.8194118238202299,0.8238006242796775,0.005792422538119904,49
108.22168477376302,0.6842750179149129,0.20822405815124512,0.0055551578490326565,300,20,1,sqrt,80,gini,False,"{'n_estimators': 300, 'min_samples_split': 20, 'min_samples_leaf': 1, 'max_features': 'sqrt', 'max_depth': 80, 'criterion': 'gini', 'bootstrap': False}",0.8336702969641238,0.8271561445805378,0.8246212410951206,0.8284825608799272,0.0038114641263386796,34
23.8141082127889,0.0870567640242737,0.2953544457753499,0.00416116093825121,500,5,8,log2,80,entropy,True,"{'n_estimators': 500, 'min_samples_split': 5, 'min_samples_leaf': 8, 'max_features': 'log2', 'max_depth': 80, 'criterion': 'entropy', 'bootstrap': True}",0.7823731049538634,0.7898402687528385,0.7837442221872266,0.7853191986313095,0.0032455145354517907,100
27.267259041468304,0.09211981245754441,0.21542771657307944,0.014553308715866211,300,10,2,log2,40,entropy,False,"{'n_estimators': 300, 'min_samples_split': 10, 'min_samples_leaf': 2, 'max_features': 'log2', 'max_depth': 40, 'criterion': 'entropy', 'bootstrap': False}",0.8079067817195588,0.809544698337914,0.7967201269882572,0.8047238690152434,0.005698865825061374,90
1406.4696169694264,9.176305927743543,0.13291343053181967,0.0058703771633752885,300,20,1,0.2,80,entropy,True,"{'n_estimators': 300, 'min_samples_split': 20, 'min_samples_leaf': 1, 'max_features': 0.2, 'max_depth': 80, 'criterion': 'entropy', 'bootstrap': True}",0.823013346049942,0.8063303600504031,0.8132929922591863,0.8142122327865104,0.006841747234223582,76
386.23244643211365,0.5742273424224215,0.2725953261057536,0.009860074241660341,500,2,4,0.05,60,gini,True,"{'n_estimators': 500, 'min_samples_split': 2, 'min_samples_leaf': 4, 'max_features': 0.05, 'max_depth': 60, 'criterion': 'gini', 'bootstrap': True}",0.8307839265358636,0.8217606681708705,0.8173146550879947,0.823286416598243,0.005603644619460706,51
2512.3644948800406,24.138665332127065,0.3827456633249919,0.03797850341859308,800,5,4,0.2,80,gini,True,"{'n_estimators': 800, 'min_samples_split': 5, 'min_samples_leaf': 4, 'max_features': 0.2, 'max_depth': 80, 'criterion': 'gini', 'bootstrap': True}",0.8219738748206437,0.8113981165555915,0.8116357164895531,0.8150025692885962,0.004930411683150639,73
863.5409225622813,3.4510182236179836,0.358262300491333,0.01877664164018185,800,20,8,0.05,20,entropy,True,"{'n_estimators': 800, 'min_samples_split': 20, 'min_samples_leaf': 8, 'max_features': 0.05, 'max_depth': 20, 'criterion': 'entropy', 'bootstrap': True}",0.8235631831268762,0.8148550894681597,0.8090537255416803,0.8158239993789054,0.005962951152212313,69
384.83561396598816,2.445335959884926,0.24834322929382324,0.016204560276122177,500,10,4,0.05,40,gini,True,"{'n_estimators': 500, 'min_samples_split': 10, 'min_samples_leaf': 4, 'max_features': 0.05, 'max_depth': 40, 'criterion': 'gini', 'bootstrap': True}",0.832227386193284,0.8176903873422526,0.8274516093247068,0.8257897942867478,0.006049920430000801,42
1452.9799641768138,9.27913184695216,0.291814645131429,0.01676739644887685,500,5,1,0.1,40,gini,False,"{'n_estimators': 500, 'min_samples_split': 5, 'min_samples_leaf': 1, 'max_features': 0.1, 'max_depth': 40, 'criterion': 'gini', 'bootstrap': False}",0.8508247601770946,0.8315062113410971,0.8393844136522501,0.8405717950568139,0.00793132978476846,4
1658.0155018170674,10.710402339170855,0.43518805503845215,0.02312295580905103,800,5,1,0.05,20,entropy,False,"{'n_estimators': 800, 'min_samples_split': 5, 'min_samples_leaf': 1, 'max_features': 0.05, 'max_depth': 20, 'criterion': 'entropy', 'bootstrap': False}",0.8482909866827752,0.8359950004340586,0.8392148405377581,0.8411669425515306,0.005206140359312156,3
134.01957170168558,0.464659477487029,0.1535330613454183,0.006152174384235848,300,2,8,0.02,20,entropy,True,"{'n_estimators': 300, 'min_samples_split': 2, 'min_samples_leaf': 8, 'max_features': 0.02, 'max_depth': 20, 'criterion': 'entropy', 'bootstrap': True}",0.8141261044553768,0.8132223401979322,0.8086866920930679,0.8120117122487923,0.002379918308855551,81
1741.9006284872692,21.363561298631346,0.17645049095153809,0.025442111721385743,300,20,1,0.2,,gini,False,"{'n_estimators': 300, 'min_samples_split': 20, 'min_samples_leaf': 1, 'max_features': 0.2, 'max_depth': None, 'criterion': 'gini', 'bootstrap': False}",0.8302375381560193,0.8232137928278587,0.8222355092664619,0.8252289467501134,0.003564056732162696,43
141.08066368103027,0.5006504383342217,0.18201589584350586,0.013192717870104058,300,10,8,0.02,20,gini,False,"{'n_estimators': 300, 'min_samples_split': 10, 'min_samples_leaf': 8, 'max_features': 0.02, 'max_depth': 20, 'criterion': 'gini', 'bootstrap': False}",0.8266647979235491,0.8238932439199531,0.8270080331971313,0.8258553583468778,0.0013944825519447233,41
2092.3837810357413,7.243686878539304,0.43205785751342773,0.02454889537040746,800,10,4,0.1,20,gini,False,"{'n_estimators': 800, 'min_samples_split': 10, 'min_samples_leaf': 4, 'max_features': 0.1, 'max_depth': 20, 'criterion': 'gini', 'bootstrap': False}",0.844732489503353,0.8256943862833019,0.8306580104145533,0.8336949620670694,0.008063483534185449,19
3518.0650839805603,25.069924118572704,0.34312979380289715,0.014004838687011755,800,20,4,0.2,60,entropy,True,"{'n_estimators': 800, 'min_samples_split': 20, 'min_samples_leaf': 4, 'max_features': 0.2, 'max_depth': 60, 'criterion': 'entropy', 'bootstrap': True}",0.8223168698281882,0.8028857796766097,0.8077686395585779,0.8109904296877919,0.008253353453686506,82
