relative_path,true_label,predicted_label,true_class,predicted_class
Training/glioma/Tr-gl_100.png,0,1,glioma,meningioma
Training/glioma/Tr-gl_1001.png,0,0,glioma,glioma
Training/glioma/Tr-gl_1008.png,0,0,glioma,glioma
Training/glioma/Tr-gl_1022.png,0,0,glioma,glioma
Training/glioma/Tr-gl_1034.png,0,0,glioma,glioma
Training/glioma/Tr-gl_1040.png,0,0,glioma,glioma
Training/glioma/Tr-gl_1043.png,0,1,glioma,meningioma
Training/glioma/Tr-gl_1048.png,0,0,glioma,glioma
Training/glioma/Tr-gl_1054.png,0,0,glioma,glioma
Training/glioma/Tr-gl_1058.png,0,0,glioma,glioma
Training/glioma/Tr-gl_1068.png,0,0,glioma,glioma
Training/glioma/Tr-gl_1070.png,0,0,glioma,glioma
Training/glioma/Tr-gl_1071.png,0,0,glioma,glioma
Training/glioma/Tr-gl_1077.png,0,0,glioma,glioma
Training/glioma/Tr-gl_1084.png,0,0,glioma,glioma
Training/glioma/Tr-gl_1097.png,0,0,glioma,glioma
Training/glioma/Tr-gl_1098.png,0,0,glioma,glioma
Training/glioma/Tr-gl_1105.png,0,0,glioma,glioma
Training/glioma/Tr-gl_1118.png,0,0,glioma,glioma
Training/glioma/Tr-gl_1122.png,0,0,glioma,glioma
Training/glioma/Tr-gl_1129.png,0,1,glioma,meningioma
Training/glioma/Tr-gl_113.png,0,0,glioma,glioma
Training/glioma/Tr-gl_1136.png,0,0,glioma,glioma
Training/glioma/Tr-gl_114.png,0,0,glioma,glioma
Training/glioma/Tr-gl_1140.png,0,0,glioma,glioma
Training/glioma/Tr-gl_1169.png,0,0,glioma,glioma
Training/glioma/Tr-gl_117.png,0,0,glioma,glioma
Training/glioma/Tr-gl_1178.png,0,0,glioma,glioma
Training/glioma/Tr-gl_1192.png,0,0,glioma,glioma
Training/glioma/Tr-gl_1195.png,0,0,glioma,glioma
Training/glioma/Tr-gl_1206.png,0,0,glioma,glioma
Training/glioma/Tr-gl_1210.png,0,0,glioma,glioma
Training/glioma/Tr-gl_1212.png,0,0,glioma,glioma
Training/glioma/Tr-gl_1213.png,0,0,glioma,glioma
Training/glioma/Tr-gl_1220.png,0,0,glioma,glioma
Training/glioma/Tr-gl_1232.png,0,0,glioma,glioma
Training/glioma/Tr-gl_1235.png,0,0,glioma,glioma
Training/glioma/Tr-gl_1242.png,0,0,glioma,glioma
Training/glioma/Tr-gl_1243.png,0,0,glioma,glioma
Training/glioma/Tr-gl_1244.png,0,0,glioma,glioma
Training/glioma/Tr-gl_1245.png,0,0,glioma,glioma
Training/glioma/Tr-gl_1247.png,0,0,glioma,glioma
Training/glioma/Tr-gl_1248.png,0,0,glioma,glioma
Training/glioma/Tr-gl_125.png,0,0,glioma,glioma
Training/glioma/Tr-gl_1251.png,0,0,glioma,glioma
Training/glioma/Tr-gl_1253.png,0,0,glioma,glioma
Training/glioma/Tr-gl_1259.png,0,0,glioma,glioma
Training/glioma/Tr-gl_1275.png,0,0,glioma,glioma
Training/glioma/Tr-gl_1281.png,0,1,glioma,meningioma
Training/glioma/Tr-gl_1288.png,0,0,glioma,glioma
Training/glioma/Tr-gl_1289.png,0,0,glioma,glioma
Training/glioma/Tr-gl_1291.png,0,0,glioma,glioma
Training/glioma/Tr-gl_1296.png,0,0,glioma,glioma
Training/glioma/Tr-gl_1302.png,0,0,glioma,glioma
Training/glioma/Tr-gl_1305.png,0,0,glioma,glioma
Training/glioma/Tr-gl_1307.png,0,0,glioma,glioma
Training/glioma/Tr-gl_131.png,0,1,glioma,meningioma
Training/glioma/Tr-gl_1314.png,0,0,glioma,glioma
Training/glioma/Tr-gl_1315.png,0,0,glioma,glioma
Training/glioma/Tr-gl_1318.png,0,0,glioma,glioma
Training/glioma/Tr-gl_1330.png,0,0,glioma,glioma
Training/glioma/Tr-gl_1333.png,0,0,glioma,glioma
Training/glioma/Tr-gl_1334.png,0,0,glioma,glioma
Training/glioma/Tr-gl_1335.png,0,1,glioma,meningioma
Training/glioma/Tr-gl_1336.png,0,0,glioma,glioma
Training/glioma/Tr-gl_1340.png,0,0,glioma,glioma
Training/glioma/Tr-gl_1352.png,0,0,glioma,glioma
Training/glioma/Tr-gl_1353.png,0,1,glioma,meningioma
Training/glioma/Tr-gl_1367.png,0,0,glioma,glioma
Training/glioma/Tr-gl_1369.png,0,1,glioma,meningioma
Training/glioma/Tr-gl_137.png,0,0,glioma,glioma
Training/glioma/Tr-gl_1370.png,0,0,glioma,glioma
Training/glioma/Tr-gl_1378.png,0,0,glioma,glioma
Training/glioma/Tr-gl_1382.png,0,0,glioma,glioma
Training/glioma/Tr-gl_1384.png,0,1,glioma,meningioma
Training/glioma/Tr-gl_1386.png,0,0,glioma,glioma
Training/glioma/Tr-gl_1388.png,0,0,glioma,glioma
Training/glioma/Tr-gl_1391.png,0,1,glioma,meningioma
Training/glioma/Tr-gl_1392.png,0,1,glioma,meningioma
Training/glioma/Tr-gl_1395.png,0,0,glioma,glioma
Training/glioma/Tr-gl_1399.png,0,1,glioma,meningioma
Training/glioma/Tr-gl_15.png,0,1,glioma,meningioma
Training/glioma/Tr-gl_153.png,0,0,glioma,glioma
Training/glioma/Tr-gl_154.png,0,0,glioma,glioma
Training/glioma/Tr-gl_158.png,0,0,glioma,glioma
Training/glioma/Tr-gl_167.png,0,0,glioma,glioma
Training/glioma/Tr-gl_17.png,0,1,glioma,meningioma
Training/glioma/Tr-gl_171.png,0,0,glioma,glioma
Training/glioma/Tr-gl_177.png,0,0,glioma,glioma
Training/glioma/Tr-gl_178.png,0,0,glioma,glioma
Training/glioma/Tr-gl_18.png,0,0,glioma,glioma
Training/glioma/Tr-gl_182.png,0,0,glioma,glioma
Training/glioma/Tr-gl_183.png,0,0,glioma,glioma
Training/glioma/Tr-gl_19.png,0,0,glioma,glioma
Training/glioma/Tr-gl_191.png,0,0,glioma,glioma
Training/glioma/Tr-gl_197.png,0,0,glioma,glioma
Training/glioma/Tr-gl_200.png,0,0,glioma,glioma
Training/glioma/Tr-gl_206.png,0,1,glioma,meningioma
Training/glioma/Tr-gl_209.png,0,0,glioma,glioma
Training/glioma/Tr-gl_210.png,0,0,glioma,glioma
Training/glioma/Tr-gl_214.png,0,0,glioma,glioma
Training/glioma/Tr-gl_22.png,0,1,glioma,meningioma
Training/glioma/Tr-gl_223.png,0,0,glioma,glioma
Training/glioma/Tr-gl_231.png,0,0,glioma,glioma
Training/glioma/Tr-gl_233.png,0,0,glioma,glioma
Training/glioma/Tr-gl_234.png,0,0,glioma,glioma
Training/glioma/Tr-gl_24.png,0,0,glioma,glioma
Training/glioma/Tr-gl_240.png,0,0,glioma,glioma
Training/glioma/Tr-gl_246.png,0,0,glioma,glioma
Training/glioma/Tr-gl_247.png,0,0,glioma,glioma
Training/glioma/Tr-gl_251.png,0,0,glioma,glioma
Training/glioma/Tr-gl_255.png,0,0,glioma,glioma
Training/glioma/Tr-gl_26.png,0,0,glioma,glioma
Training/glioma/Tr-gl_260.png,0,0,glioma,glioma
Training/glioma/Tr-gl_261.png,0,0,glioma,glioma
Training/glioma/Tr-gl_268.png,0,0,glioma,glioma
Training/glioma/Tr-gl_274.png,0,0,glioma,glioma
Training/glioma/Tr-gl_281.png,0,0,glioma,glioma
Training/glioma/Tr-gl_285.png,0,0,glioma,glioma
Training/glioma/Tr-gl_292.png,0,1,glioma,meningioma
Training/glioma/Tr-gl_302.png,0,0,glioma,glioma
Training/glioma/Tr-gl_305.png,0,1,glioma,meningioma
Training/glioma/Tr-gl_306.png,0,0,glioma,glioma
Training/glioma/Tr-gl_307.png,0,1,glioma,meningioma
Training/glioma/Tr-gl_308.png,0,1,glioma,meningioma
Training/glioma/Tr-gl_31.png,0,3,glioma,pituitary
Training/glioma/Tr-gl_314.png,0,0,glioma,glioma
Training/glioma/Tr-gl_315.png,0,0,glioma,glioma
Training/glioma/Tr-gl_316.png,0,0,glioma,glioma
Training/glioma/Tr-gl_33.png,0,1,glioma,meningioma
Training/glioma/Tr-gl_340.png,0,0,glioma,glioma
Training/glioma/Tr-gl_341.png,0,0,glioma,glioma
Training/glioma/Tr-gl_343.png,0,0,glioma,glioma
Training/glioma/Tr-gl_350.png,0,0,glioma,glioma
Training/glioma/Tr-gl_354.png,0,0,glioma,glioma
Training/glioma/Tr-gl_356.png,0,0,glioma,glioma
Training/glioma/Tr-gl_36.png,0,0,glioma,glioma
Training/glioma/Tr-gl_366.png,0,1,glioma,meningioma
Training/glioma/Tr-gl_368.png,0,0,glioma,glioma
Training/glioma/Tr-gl_370.png,0,0,glioma,glioma
Training/glioma/Tr-gl_372.png,0,0,glioma,glioma
Training/glioma/Tr-gl_375.png,0,1,glioma,meningioma
Training/glioma/Tr-gl_381.png,0,1,glioma,meningioma
Training/glioma/Tr-gl_388.png,0,0,glioma,glioma
Training/glioma/Tr-gl_39.png,0,0,glioma,glioma
Training/glioma/Tr-gl_393.png,0,1,glioma,meningioma
Training/glioma/Tr-gl_394.png,0,0,glioma,glioma
Training/glioma/Tr-gl_403.png,0,0,glioma,glioma
Training/glioma/Tr-gl_405.png,0,0,glioma,glioma
Training/glioma/Tr-gl_406.png,0,0,glioma,glioma
Training/glioma/Tr-gl_41.png,0,0,glioma,glioma
Training/glioma/Tr-gl_417.png,0,0,glioma,glioma
Training/glioma/Tr-gl_42.png,0,0,glioma,glioma
Training/glioma/Tr-gl_425.png,0,1,glioma,meningioma
Training/glioma/Tr-gl_429.png,0,0,glioma,glioma
Training/glioma/Tr-gl_434.png,0,0,glioma,glioma
Training/glioma/Tr-gl_439.png,0,1,glioma,meningioma
Training/glioma/Tr-gl_447.png,0,0,glioma,glioma
Training/glioma/Tr-gl_46.png,0,1,glioma,meningioma
Training/glioma/Tr-gl_464.png,0,0,glioma,glioma
Training/glioma/Tr-gl_468.png,0,0,glioma,glioma
Training/glioma/Tr-gl_474.png,0,0,glioma,glioma
Training/glioma/Tr-gl_479.png,0,0,glioma,glioma
Training/glioma/Tr-gl_481.png,0,0,glioma,glioma
Training/glioma/Tr-gl_488.png,0,0,glioma,glioma
Training/glioma/Tr-gl_490.png,0,0,glioma,glioma
Training/glioma/Tr-gl_491.png,0,0,glioma,glioma
Training/glioma/Tr-gl_498.png,0,0,glioma,glioma
Training/glioma/Tr-gl_501.png,0,0,glioma,glioma
Training/glioma/Tr-gl_506.png,0,0,glioma,glioma
Training/glioma/Tr-gl_507.png,0,0,glioma,glioma
Training/glioma/Tr-gl_511.png,0,1,glioma,meningioma
Training/glioma/Tr-gl_516.png,0,0,glioma,glioma
Training/glioma/Tr-gl_522.png,0,0,glioma,glioma
Training/glioma/Tr-gl_525.png,0,0,glioma,glioma
Training/glioma/Tr-gl_530.png,0,0,glioma,glioma
Training/glioma/Tr-gl_531.png,0,0,glioma,glioma
Training/glioma/Tr-gl_533.png,0,0,glioma,glioma
Training/glioma/Tr-gl_535.png,0,0,glioma,glioma
Training/glioma/Tr-gl_539.png,0,0,glioma,glioma
Training/glioma/Tr-gl_542.png,0,0,glioma,glioma
Training/glioma/Tr-gl_543.png,0,0,glioma,glioma
Training/glioma/Tr-gl_544.png,0,0,glioma,glioma
Training/glioma/Tr-gl_55.png,0,0,glioma,glioma
Training/glioma/Tr-gl_551.png,0,0,glioma,glioma
Training/glioma/Tr-gl_554.png,0,0,glioma,glioma
Training/glioma/Tr-gl_559.png,0,0,glioma,glioma
Training/glioma/Tr-gl_563.png,0,0,glioma,glioma
Training/glioma/Tr-gl_564.png,0,0,glioma,glioma
Training/glioma/Tr-gl_566.png,0,0,glioma,glioma
Training/glioma/Tr-gl_579.png,0,0,glioma,glioma
Training/glioma/Tr-gl_583.png,0,0,glioma,glioma
Training/glioma/Tr-gl_586.png,0,0,glioma,glioma
Training/glioma/Tr-gl_587.png,0,1,glioma,meningioma
Training/glioma/Tr-gl_591.png,0,0,glioma,glioma
Training/glioma/Tr-gl_600.png,0,0,glioma,glioma
Training/glioma/Tr-gl_601.png,0,1,glioma,meningioma
Training/glioma/Tr-gl_615.png,0,0,glioma,glioma
Training/glioma/Tr-gl_623.png,0,0,glioma,glioma
Training/glioma/Tr-gl_626.png,0,0,glioma,glioma
Training/glioma/Tr-gl_627.png,0,0,glioma,glioma
Training/glioma/Tr-gl_629.png,0,0,glioma,glioma
Training/glioma/Tr-gl_637.png,0,0,glioma,glioma
Training/glioma/Tr-gl_639.png,0,0,glioma,glioma
Training/glioma/Tr-gl_642.png,0,0,glioma,glioma
Training/glioma/Tr-gl_645.png,0,0,glioma,glioma
Training/glioma/Tr-gl_655.png,0,0,glioma,glioma
Training/glioma/Tr-gl_669.png,0,1,glioma,meningioma
Training/glioma/Tr-gl_671.png,0,0,glioma,glioma
Training/glioma/Tr-gl_676.png,0,0,glioma,glioma
Training/glioma/Tr-gl_684.png,0,0,glioma,glioma
Training/glioma/Tr-gl_687.png,0,0,glioma,glioma
Training/glioma/Tr-gl_69.png,0,0,glioma,glioma
Training/glioma/Tr-gl_70.png,0,0,glioma,glioma
Training/glioma/Tr-gl_702.png,0,0,glioma,glioma
Training/glioma/Tr-gl_703.png,0,0,glioma,glioma
Training/glioma/Tr-gl_715.png,0,1,glioma,meningioma
Training/glioma/Tr-gl_716.png,0,0,glioma,glioma
Training/glioma/Tr-gl_719.png,0,0,glioma,glioma
Training/glioma/Tr-gl_720.png,0,1,glioma,meningioma
Training/glioma/Tr-gl_733.png,0,0,glioma,glioma
Training/glioma/Tr-gl_736.png,0,0,glioma,glioma
Training/glioma/Tr-gl_74.png,0,1,glioma,meningioma
Training/glioma/Tr-gl_741.png,0,0,glioma,glioma
Training/glioma/Tr-gl_745.png,0,0,glioma,glioma
Training/glioma/Tr-gl_75.png,0,0,glioma,glioma
Training/glioma/Tr-gl_750.png,0,0,glioma,glioma
Training/glioma/Tr-gl_756.png,0,0,glioma,glioma
Training/glioma/Tr-gl_758.png,0,0,glioma,glioma
Training/glioma/Tr-gl_762.png,0,0,glioma,glioma
Training/glioma/Tr-gl_766.png,0,0,glioma,glioma
Training/glioma/Tr-gl_769.png,0,0,glioma,glioma
Training/glioma/Tr-gl_77.png,0,0,glioma,glioma
Training/glioma/Tr-gl_770.png,0,0,glioma,glioma
Training/glioma/Tr-gl_777.png,0,0,glioma,glioma
Training/glioma/Tr-gl_779.png,0,0,glioma,glioma
Training/glioma/Tr-gl_78.png,0,0,glioma,glioma
Training/glioma/Tr-gl_786.png,0,1,glioma,meningioma
Training/glioma/Tr-gl_792.png,0,0,glioma,glioma
Training/glioma/Tr-gl_793.png,0,0,glioma,glioma
Training/glioma/Tr-gl_794.png,0,3,glioma,pituitary
Training/glioma/Tr-gl_799.png,0,0,glioma,glioma
Training/glioma/Tr-gl_800.png,0,0,glioma,glioma
Training/glioma/Tr-gl_804.png,0,0,glioma,glioma
Training/glioma/Tr-gl_811.png,0,0,glioma,glioma
Training/glioma/Tr-gl_812.png,0,0,glioma,glioma
Training/glioma/Tr-gl_813.png,0,1,glioma,meningioma
Training/glioma/Tr-gl_816.png,0,0,glioma,glioma
Training/glioma/Tr-gl_826.png,0,0,glioma,glioma
Training/glioma/Tr-gl_836.png,0,0,glioma,glioma
Training/glioma/Tr-gl_837.png,0,0,glioma,glioma
Training/glioma/Tr-gl_843.png,0,0,glioma,glioma
Training/glioma/Tr-gl_846.png,0,0,glioma,glioma
Training/glioma/Tr-gl_847.png,0,0,glioma,glioma
Training/glioma/Tr-gl_850.png,0,0,glioma,glioma
Training/glioma/Tr-gl_853.png,0,0,glioma,glioma
Training/glioma/Tr-gl_857.png,0,0,glioma,glioma
Training/glioma/Tr-gl_866.png,0,0,glioma,glioma
Training/glioma/Tr-gl_871.png,0,0,glioma,glioma
Training/glioma/Tr-gl_88.png,0,0,glioma,glioma
Training/glioma/Tr-gl_883.png,0,0,glioma,glioma
Training/glioma/Tr-gl_887.png,0,0,glioma,glioma
Training/glioma/Tr-gl_889.png,0,0,glioma,glioma
Training/glioma/Tr-gl_890.png,0,0,glioma,glioma
Training/glioma/Tr-gl_899.png,0,0,glioma,glioma
Training/glioma/Tr-gl_901.png,0,0,glioma,glioma
Training/glioma/Tr-gl_903.png,0,0,glioma,glioma
Training/glioma/Tr-gl_907.png,0,0,glioma,glioma
Training/glioma/Tr-gl_909.png,0,0,glioma,glioma
Training/glioma/Tr-gl_913.png,0,0,glioma,glioma
Training/glioma/Tr-gl_922.png,0,0,glioma,glioma
Training/glioma/Tr-gl_923.png,0,0,glioma,glioma
Training/glioma/Tr-gl_933.png,0,1,glioma,meningioma
Training/glioma/Tr-gl_942.png,0,0,glioma,glioma
Training/glioma/Tr-gl_95.png,0,0,glioma,glioma
Training/glioma/Tr-gl_966.png,0,0,glioma,glioma
Training/glioma/Tr-gl_967.png,0,0,glioma,glioma
Training/glioma/Tr-gl_973.png,0,0,glioma,glioma
Training/glioma/Tr-gl_981.png,0,0,glioma,glioma
Training/glioma/Tr-gl_997.png,0,0,glioma,glioma
Training/meningioma/Tr-aug-me_18.png,1,1,meningioma,meningioma
Training/meningioma/Tr-aug-me_22.png,1,1,meningioma,meningioma
Training/meningioma/Tr-aug-me_39.png,1,1,meningioma,meningioma
Training/meningioma/Tr-aug-me_47.png,1,1,meningioma,meningioma
Training/meningioma/Tr-aug-me_48.png,1,1,meningioma,meningioma
Training/meningioma/Tr-aug-me_50.png,1,3,meningioma,pituitary
Training/meningioma/Tr-aug-me_53.png,1,3,meningioma,pituitary
Training/meningioma/Tr-aug-me_55.png,1,1,meningioma,meningioma
Training/meningioma/Tr-aug-me_65.png,1,1,meningioma,meningioma
Training/meningioma/Tr-aug-me_66.png,1,1,meningioma,meningioma
Training/meningioma/Tr-aug-me_75.png,1,1,meningioma,meningioma
Training/meningioma/Tr-aug-me_77.png,1,1,meningioma,meningioma
Training/meningioma/Tr-aug-me_81.png,1,1,meningioma,meningioma
Training/meningioma/Tr-aug-me_9.png,1,1,meningioma,meningioma
Training/meningioma/Tr-me_1003.png,1,1,meningioma,meningioma
Training/meningioma/Tr-me_1006.png,1,1,meningioma,meningioma
Training/meningioma/Tr-me_1007.png,1,1,meningioma,meningioma
Training/meningioma/Tr-me_1008.png,1,1,meningioma,meningioma
Training/meningioma/Tr-me_1015.png,1,1,meningioma,meningioma
Training/meningioma/Tr-me_1016.png,1,1,meningioma,meningioma
Training/meningioma/Tr-me_1039.png,1,1,meningioma,meningioma
Training/meningioma/Tr-me_1044.png,1,1,meningioma,meningioma
Training/meningioma/Tr-me_1046.png,1,3,meningioma,pituitary
Training/meningioma/Tr-me_1047.png,1,1,meningioma,meningioma
Training/meningioma/Tr-me_106.png,1,1,meningioma,meningioma
Training/meningioma/Tr-me_1062.png,1,1,meningioma,meningioma
Training/meningioma/Tr-me_1066.png,1,1,meningioma,meningioma
Training/meningioma/Tr-me_1069.png,1,1,meningioma,meningioma
Training/meningioma/Tr-me_1070.png,1,1,meningioma,meningioma
Training/meningioma/Tr-me_1075.png,1,1,meningioma,meningioma
Training/meningioma/Tr-me_1081.png,1,1,meningioma,meningioma
Training/meningioma/Tr-me_109.png,1,1,meningioma,meningioma
Training/meningioma/Tr-me_1090.png,1,1,meningioma,meningioma
Training/meningioma/Tr-me_1094.png,1,1,meningioma,meningioma
Training/meningioma/Tr-me_1097.png,1,1,meningioma,meningioma
Training/meningioma/Tr-me_1099.png,1,1,meningioma,meningioma
Training/meningioma/Tr-me_1103.png,1,1,meningioma,meningioma
Training/meningioma/Tr-me_1104.png,1,3,meningioma,pituitary
Training/meningioma/Tr-me_1110.png,1,2,meningioma,notumor
Training/meningioma/Tr-me_1112.png,1,1,meningioma,meningioma
Training/meningioma/Tr-me_1114.png,1,1,meningioma,meningioma
Training/meningioma/Tr-me_1115.png,1,1,meningioma,meningioma
Training/meningioma/Tr-me_1124.png,1,1,meningioma,meningioma
Training/meningioma/Tr-me_1129.png,1,3,meningioma,pituitary
Training/meningioma/Tr-me_113.png,1,1,meningioma,meningioma
Training/meningioma/Tr-me_1136.png,1,1,meningioma,meningioma
Training/meningioma/Tr-me_1140.png,1,1,meningioma,meningioma
Training/meningioma/Tr-me_1152.png,1,1,meningioma,meningioma
Training/meningioma/Tr-me_1160.png,1,1,meningioma,meningioma
Training/meningioma/Tr-me_1161.png,1,1,meningioma,meningioma
Training/meningioma/Tr-me_1162.png,1,1,meningioma,meningioma
Training/meningioma/Tr-me_1169.png,1,1,meningioma,meningioma
Training/meningioma/Tr-me_1171.png,1,1,meningioma,meningioma
Training/meningioma/Tr-me_1175.png,1,1,meningioma,meningioma
Training/meningioma/Tr-me_118.png,1,1,meningioma,meningioma
Training/meningioma/Tr-me_1181.png,1,1,meningioma,meningioma
Training/meningioma/Tr-me_1182.png,1,1,meningioma,meningioma
Training/meningioma/Tr-me_1183.png,1,1,meningioma,meningioma
Training/meningioma/Tr-me_1184.png,1,1,meningioma,meningioma
Training/meningioma/Tr-me_119.png,1,1,meningioma,meningioma
Training/meningioma/Tr-me_1196.png,1,1,meningioma,meningioma
Training/meningioma/Tr-me_12.png,1,1,meningioma,meningioma
Training/meningioma/Tr-me_1201.png,1,1,meningioma,meningioma
Training/meningioma/Tr-me_1202.png,1,1,meningioma,meningioma
Training/meningioma/Tr-me_1204.png,1,1,meningioma,meningioma
Training/meningioma/Tr-me_1210.png,1,3,meningioma,pituitary
Training/meningioma/Tr-me_1215.png,1,3,meningioma,pituitary
Training/meningioma/Tr-me_1217.png,1,1,meningioma,meningioma
Training/meningioma/Tr-me_1223.png,1,1,meningioma,meningioma
Training/meningioma/Tr-me_1224.png,1,1,meningioma,meningioma
Training/meningioma/Tr-me_1226.png,1,3,meningioma,pituitary
Training/meningioma/Tr-me_1227.png,1,1,meningioma,meningioma
Training/meningioma/Tr-me_1231.png,1,1,meningioma,meningioma
Training/meningioma/Tr-me_1238.png,1,1,meningioma,meningioma
Training/meningioma/Tr-me_124.png,1,1,meningioma,meningioma
Training/meningioma/Tr-me_1241.png,1,1,meningioma,meningioma
Training/meningioma/Tr-me_1245.png,1,1,meningioma,meningioma
Training/meningioma/Tr-me_1249.png,1,2,meningioma,notumor
Training/meningioma/Tr-me_1250.png,1,1,meningioma,meningioma
Training/meningioma/Tr-me_1254.png,1,1,meningioma,meningioma
Training/meningioma/Tr-me_1273.png,1,1,meningioma,meningioma
Training/meningioma/Tr-me_1280.png,1,1,meningioma,meningioma
Training/meningioma/Tr-me_129.png,1,1,meningioma,meningioma
Training/meningioma/Tr-me_1292.png,1,1,meningioma,meningioma
Training/meningioma/Tr-me_1293.png,1,1,meningioma,meningioma
Training/meningioma/Tr-me_133.png,1,1,meningioma,meningioma
Training/meningioma/Tr-me_136.png,1,1,meningioma,meningioma
Training/meningioma/Tr-me_137.png,1,1,meningioma,meningioma
Training/meningioma/Tr-me_138.png,1,1,meningioma,meningioma
Training/meningioma/Tr-me_142.png,1,1,meningioma,meningioma
Training/meningioma/Tr-me_145.png,1,2,meningioma,notumor
Training/meningioma/Tr-me_154.png,1,1,meningioma,meningioma
Training/meningioma/Tr-me_156.png,1,1,meningioma,meningioma
Training/meningioma/Tr-me_157.png,1,1,meningioma,meningioma
Training/meningioma/Tr-me_161.png,1,3,meningioma,pituitary
Training/meningioma/Tr-me_167.png,1,1,meningioma,meningioma
Training/meningioma/Tr-me_168.png,1,1,meningioma,meningioma
Training/meningioma/Tr-me_17.png,1,1,meningioma,meningioma
Training/meningioma/Tr-me_175.png,1,1,meningioma,meningioma
Training/meningioma/Tr-me_182.png,1,1,meningioma,meningioma
Training/meningioma/Tr-me_186.png,1,2,meningioma,notumor
Training/meningioma/Tr-me_187.png,1,1,meningioma,meningioma
Training/meningioma/Tr-me_190.png,1,1,meningioma,meningioma
Training/meningioma/Tr-me_192.png,1,1,meningioma,meningioma
Training/meningioma/Tr-me_199.png,1,1,meningioma,meningioma
Training/meningioma/Tr-me_20.png,1,1,meningioma,meningioma
Training/meningioma/Tr-me_21.png,1,1,meningioma,meningioma
Training/meningioma/Tr-me_213.png,1,1,meningioma,meningioma
Training/meningioma/Tr-me_22.png,1,3,meningioma,pituitary
Training/meningioma/Tr-me_220.png,1,1,meningioma,meningioma
Training/meningioma/Tr-me_226.png,1,3,meningioma,pituitary
Training/meningioma/Tr-me_227.png,1,1,meningioma,meningioma
Training/meningioma/Tr-me_233.png,1,1,meningioma,meningioma
Training/meningioma/Tr-me_236.png,1,1,meningioma,meningioma
Training/meningioma/Tr-me_240.png,1,1,meningioma,meningioma
Training/meningioma/Tr-me_246.png,1,1,meningioma,meningioma
Training/meningioma/Tr-me_252.png,1,1,meningioma,meningioma
Training/meningioma/Tr-me_259.png,1,1,meningioma,meningioma
Training/meningioma/Tr-me_262.png,1,1,meningioma,meningioma
Training/meningioma/Tr-me_264.png,1,1,meningioma,meningioma
Training/meningioma/Tr-me_278.png,1,1,meningioma,meningioma
Training/meningioma/Tr-me_283.png,1,1,meningioma,meningioma
Training/meningioma/Tr-me_29.png,1,3,meningioma,pituitary
Training/meningioma/Tr-me_290.png,1,1,meningioma,meningioma
Training/meningioma/Tr-me_299.png,1,1,meningioma,meningioma
Training/meningioma/Tr-me_3.png,1,1,meningioma,meningioma
Training/meningioma/Tr-me_300.png,1,1,meningioma,meningioma
Training/meningioma/Tr-me_301.png,1,1,meningioma,meningioma
Training/meningioma/Tr-me_306.png,1,1,meningioma,meningioma
Training/meningioma/Tr-me_311.png,1,1,meningioma,meningioma
Training/meningioma/Tr-me_317.png,1,1,meningioma,meningioma
Training/meningioma/Tr-me_321.png,1,1,meningioma,meningioma
Training/meningioma/Tr-me_334.png,1,1,meningioma,meningioma
Training/meningioma/Tr-me_347.png,1,1,meningioma,meningioma
Training/meningioma/Tr-me_349.png,1,1,meningioma,meningioma
Training/meningioma/Tr-me_350.png,1,1,meningioma,meningioma
Training/meningioma/Tr-me_355.png,1,1,meningioma,meningioma
Training/meningioma/Tr-me_364.png,1,3,meningioma,pituitary
Training/meningioma/Tr-me_366.png,1,1,meningioma,meningioma
Training/meningioma/Tr-me_368.png,1,1,meningioma,meningioma
Training/meningioma/Tr-me_369.png,1,1,meningioma,meningioma
Training/meningioma/Tr-me_372.png,1,1,meningioma,meningioma
Training/meningioma/Tr-me_373.png,1,1,meningioma,meningioma
Training/meningioma/Tr-me_374.png,1,1,meningioma,meningioma
Training/meningioma/Tr-me_376.png,1,1,meningioma,meningioma
Training/meningioma/Tr-me_384.png,1,1,meningioma,meningioma
Training/meningioma/Tr-me_389.png,1,1,meningioma,meningioma
Training/meningioma/Tr-me_391.png,1,1,meningioma,meningioma
Training/meningioma/Tr-me_394.png,1,1,meningioma,meningioma
Training/meningioma/Tr-me_396.png,1,1,meningioma,meningioma
Training/meningioma/Tr-me_397.png,1,1,meningioma,meningioma
Training/meningioma/Tr-me_399.png,1,1,meningioma,meningioma
Training/meningioma/Tr-me_4.png,1,1,meningioma,meningioma
Training/meningioma/Tr-me_405.png,1,1,meningioma,meningioma
Training/meningioma/Tr-me_41.png,1,1,meningioma,meningioma
Training/meningioma/Tr-me_419.png,1,1,meningioma,meningioma
Training/meningioma/Tr-me_42.png,1,1,meningioma,meningioma
Training/meningioma/Tr-me_422.png,1,1,meningioma,meningioma
Training/meningioma/Tr-me_433.png,1,1,meningioma,meningioma
Training/meningioma/Tr-me_434.png,1,1,meningioma,meningioma
Training/meningioma/Tr-me_436.png,1,0,meningioma,glioma
Training/meningioma/Tr-me_439.png,1,1,meningioma,meningioma
Training/meningioma/Tr-me_448.png,1,1,meningioma,meningioma
Training/meningioma/Tr-me_457.png,1,1,meningioma,meningioma
Training/meningioma/Tr-me_462.png,1,1,meningioma,meningioma
Training/meningioma/Tr-me_468.png,1,1,meningioma,meningioma
Training/meningioma/Tr-me_469.png,1,1,meningioma,meningioma
Training/meningioma/Tr-me_473.png,1,1,meningioma,meningioma
Training/meningioma/Tr-me_475.png,1,3,meningioma,pituitary
Training/meningioma/Tr-me_479.png,1,1,meningioma,meningioma
Training/meningioma/Tr-me_482.png,1,1,meningioma,meningioma
Training/meningioma/Tr-me_485.png,1,1,meningioma,meningioma
Training/meningioma/Tr-me_497.png,1,2,meningioma,notumor
Training/meningioma/Tr-me_499.png,1,1,meningioma,meningioma
Training/meningioma/Tr-me_5.png,1,1,meningioma,meningioma
Training/meningioma/Tr-me_50.png,1,1,meningioma,meningioma
Training/meningioma/Tr-me_502.png,1,1,meningioma,meningioma
Training/meningioma/Tr-me_509.png,1,1,meningioma,meningioma
Training/meningioma/Tr-me_510.png,1,1,meningioma,meningioma
Training/meningioma/Tr-me_521.png,1,1,meningioma,meningioma
Training/meningioma/Tr-me_525.png,1,1,meningioma,meningioma
Training/meningioma/Tr-me_527.png,1,1,meningioma,meningioma
Training/meningioma/Tr-me_530.png,1,1,meningioma,meningioma
Training/meningioma/Tr-me_534.png,1,1,meningioma,meningioma
Training/meningioma/Tr-me_539.png,1,1,meningioma,meningioma
Training/meningioma/Tr-me_544.png,1,1,meningioma,meningioma
Training/meningioma/Tr-me_545.png,1,1,meningioma,meningioma
Training/meningioma/Tr-me_550.png,1,1,meningioma,meningioma
Training/meningioma/Tr-me_551.png,1,1,meningioma,meningioma
Training/meningioma/Tr-me_560.png,1,1,meningioma,meningioma
Training/meningioma/Tr-me_564.png,1,1,meningioma,meningioma
Training/meningioma/Tr-me_566.png,1,1,meningioma,meningioma
Training/meningioma/Tr-me_568.png,1,1,meningioma,meningioma
Training/meningioma/Tr-me_585.png,1,1,meningioma,meningioma
Training/meningioma/Tr-me_595.png,1,1,meningioma,meningioma
Training/meningioma/Tr-me_596.png,1,1,meningioma,meningioma
Training/meningioma/Tr-me_6.png,1,1,meningioma,meningioma
Training/meningioma/Tr-me_602.png,1,1,meningioma,meningioma
Training/meningioma/Tr-me_606.png,1,1,meningioma,meningioma
Training/meningioma/Tr-me_61.png,1,1,meningioma,meningioma
Training/meningioma/Tr-me_618.png,1,1,meningioma,meningioma
Training/meningioma/Tr-me_621.png,1,1,meningioma,meningioma
Training/meningioma/Tr-me_629.png,1,1,meningioma,meningioma
Training/meningioma/Tr-me_630.png,1,1,meningioma,meningioma
Training/meningioma/Tr-me_632.png,1,1,meningioma,meningioma
Training/meningioma/Tr-me_634.png,1,1,meningioma,meningioma
Training/meningioma/Tr-me_654.png,1,1,meningioma,meningioma
Training/meningioma/Tr-me_664.png,1,1,meningioma,meningioma
Training/meningioma/Tr-me_665.png,1,1,meningioma,meningioma
Training/meningioma/Tr-me_672.png,1,1,meningioma,meningioma
Training/meningioma/Tr-me_69.png,1,1,meningioma,meningioma
Training/meningioma/Tr-me_697.png,1,1,meningioma,meningioma
Training/meningioma/Tr-me_700.png,1,3,meningioma,pituitary
Training/meningioma/Tr-me_707.png,1,1,meningioma,meningioma
Training/meningioma/Tr-me_709.png,1,1,meningioma,meningioma
Training/meningioma/Tr-me_712.png,1,1,meningioma,meningioma
Training/meningioma/Tr-me_715.png,1,2,meningioma,notumor
Training/meningioma/Tr-me_718.png,1,1,meningioma,meningioma
Training/meningioma/Tr-me_723.png,1,1,meningioma,meningioma
Training/meningioma/Tr-me_728.png,1,1,meningioma,meningioma
Training/meningioma/Tr-me_734.png,1,1,meningioma,meningioma
Training/meningioma/Tr-me_737.png,1,1,meningioma,meningioma
Training/meningioma/Tr-me_740.png,1,2,meningioma,notumor
Training/meningioma/Tr-me_743.png,1,1,meningioma,meningioma
Training/meningioma/Tr-me_745.png,1,1,meningioma,meningioma
Training/meningioma/Tr-me_748.png,1,3,meningioma,pituitary
Training/meningioma/Tr-me_757.png,1,1,meningioma,meningioma
Training/meningioma/Tr-me_76.png,1,1,meningioma,meningioma
Training/meningioma/Tr-me_761.png,1,1,meningioma,meningioma
Training/meningioma/Tr-me_772.png,1,1,meningioma,meningioma
Training/meningioma/Tr-me_783.png,1,1,meningioma,meningioma
Training/meningioma/Tr-me_785.png,1,1,meningioma,meningioma
Training/meningioma/Tr-me_799.png,1,0,meningioma,glioma
Training/meningioma/Tr-me_801.png,1,1,meningioma,meningioma
Training/meningioma/Tr-me_803.png,1,3,meningioma,pituitary
Training/meningioma/Tr-me_805.png,1,0,meningioma,glioma
Training/meningioma/Tr-me_814.png,1,1,meningioma,meningioma
Training/meningioma/Tr-me_819.png,1,1,meningioma,meningioma
Training/meningioma/Tr-me_820.png,1,3,meningioma,pituitary
Training/meningioma/Tr-me_822.png,1,1,meningioma,meningioma
Training/meningioma/Tr-me_825.png,1,1,meningioma,meningioma
Training/meningioma/Tr-me_828.png,1,1,meningioma,meningioma
Training/meningioma/Tr-me_831.png,1,1,meningioma,meningioma
Training/meningioma/Tr-me_836.png,1,1,meningioma,meningioma
Training/meningioma/Tr-me_839.png,1,1,meningioma,meningioma
Training/meningioma/Tr-me_859.png,1,1,meningioma,meningioma
Training/meningioma/Tr-me_86.png,1,1,meningioma,meningioma
Training/meningioma/Tr-me_863.png,1,1,meningioma,meningioma
Training/meningioma/Tr-me_869.png,1,1,meningioma,meningioma
Training/meningioma/Tr-me_871.png,1,1,meningioma,meningioma
Training/meningioma/Tr-me_878.png,1,1,meningioma,meningioma
Training/meningioma/Tr-me_885.png,1,1,meningioma,meningioma
Training/meningioma/Tr-me_89.png,1,1,meningioma,meningioma
Training/meningioma/Tr-me_893.png,1,1,meningioma,meningioma
Training/meningioma/Tr-me_900.png,1,1,meningioma,meningioma
Training/meningioma/Tr-me_91.png,1,3,meningioma,pituitary
Training/meningioma/Tr-me_910.png,1,1,meningioma,meningioma
Training/meningioma/Tr-me_911.png,1,1,meningioma,meningioma
Training/meningioma/Tr-me_913.png,1,1,meningioma,meningioma
Training/meningioma/Tr-me_917.png,1,1,meningioma,meningioma
Training/meningioma/Tr-me_918.png,1,1,meningioma,meningioma
Training/meningioma/Tr-me_919.png,1,1,meningioma,meningioma
Training/meningioma/Tr-me_925.png,1,1,meningioma,meningioma
Training/meningioma/Tr-me_926.png,1,3,meningioma,pituitary
Training/meningioma/Tr-me_932.png,1,1,meningioma,meningioma
Training/meningioma/Tr-me_935.png,1,1,meningioma,meningioma
Training/meningioma/Tr-me_938.png,1,1,meningioma,meningioma
Training/meningioma/Tr-me_939.png,1,1,meningioma,meningioma
Training/meningioma/Tr-me_947.png,1,1,meningioma,meningioma
Training/meningioma/Tr-me_95.png,1,1,meningioma,meningioma
Training/meningioma/Tr-me_959.png,1,1,meningioma,meningioma
Training/meningioma/Tr-me_972.png,1,1,meningioma,meningioma
Training/meningioma/Tr-me_973.png,1,1,meningioma,meningioma
Training/meningioma/Tr-me_98.png,1,1,meningioma,meningioma
Training/meningioma/Tr-me_986.png,1,1,meningioma,meningioma
Training/meningioma/Tr-me_989.png,1,1,meningioma,meningioma
Training/meningioma/Tr-me_99.png,1,2,meningioma,notumor
Training/meningioma/Tr-me_991.png,1,1,meningioma,meningioma
Training/meningioma/Tr-me_998.png,1,1,meningioma,meningioma
Training/meningioma/Tr-me_999.png,1,1,meningioma,meningioma
Training/notumor/Tr-no_1000.png,2,2,notumor,notumor
Training/notumor/Tr-no_1002.png,2,2,notumor,notumor
Training/notumor/Tr-no_1004.png,2,2,notumor,notumor
Training/notumor/Tr-no_1005.png,2,2,notumor,notumor
Training/notumor/Tr-no_1006.png,2,2,notumor,notumor
Training/notumor/Tr-no_1012.png,2,2,notumor,notumor
Training/notumor/Tr-no_1020.png,2,2,notumor,notumor
Training/notumor/Tr-no_1025.png,2,2,notumor,notumor
Training/notumor/Tr-no_1041.png,2,2,notumor,notumor
Training/notumor/Tr-no_1042.png,2,3,notumor,pituitary
Training/notumor/Tr-no_1048.png,2,2,notumor,notumor
Training/notumor/Tr-no_1049.png,2,2,notumor,notumor
Training/notumor/Tr-no_1050.png,2,2,notumor,notumor
Training/notumor/Tr-no_106.png,2,2,notumor,notumor
Training/notumor/Tr-no_1068.png,2,2,notumor,notumor
Training/notumor/Tr-no_1073.png,2,1,notumor,meningioma
Training/notumor/Tr-no_1074.png,2,2,notumor,notumor
Training/notumor/Tr-no_1075.png,2,2,notumor,notumor
Training/notumor/Tr-no_1076.png,2,2,notumor,notumor
Training/notumor/Tr-no_1079.png,2,2,notumor,notumor
Training/notumor/Tr-no_108.png,2,2,notumor,notumor
Training/notumor/Tr-no_1106.png,2,2,notumor,notumor
Training/notumor/Tr-no_1120.png,2,2,notumor,notumor
Training/notumor/Tr-no_1123.png,2,2,notumor,notumor
Training/notumor/Tr-no_1125.png,2,2,notumor,notumor
Training/notumor/Tr-no_1129.png,2,2,notumor,notumor
Training/notumor/Tr-no_1134.png,2,2,notumor,notumor
Training/notumor/Tr-no_1141.png,2,2,notumor,notumor
Training/notumor/Tr-no_1144.png,2,2,notumor,notumor
Training/notumor/Tr-no_1147.png,2,2,notumor,notumor
Training/notumor/Tr-no_1155.png,2,2,notumor,notumor
Training/notumor/Tr-no_116.png,2,2,notumor,notumor
Training/notumor/Tr-no_1160.png,2,2,notumor,notumor
Training/notumor/Tr-no_1161.png,2,2,notumor,notumor
Training/notumor/Tr-no_1169.png,2,2,notumor,notumor
Training/notumor/Tr-no_1177.png,2,2,notumor,notumor
Training/notumor/Tr-no_1179.png,2,2,notumor,notumor
Training/notumor/Tr-no_1181.png,2,2,notumor,notumor
Training/notumor/Tr-no_1186.png,2,2,notumor,notumor
Training/notumor/Tr-no_1187.png,2,2,notumor,notumor
Training/notumor/Tr-no_1194.png,2,2,notumor,notumor
Training/notumor/Tr-no_1197.png,2,1,notumor,meningioma
Training/notumor/Tr-no_1201.png,2,2,notumor,notumor
Training/notumor/Tr-no_1202.png,2,2,notumor,notumor
Training/notumor/Tr-no_1204.png,2,2,notumor,notumor
Training/notumor/Tr-no_1224.png,2,2,notumor,notumor
Training/notumor/Tr-no_1238.png,2,2,notumor,notumor
Training/notumor/Tr-no_124.png,2,2,notumor,notumor
Training/notumor/Tr-no_1243.png,2,2,notumor,notumor
Training/notumor/Tr-no_1248.png,2,2,notumor,notumor
Training/notumor/Tr-no_1252.png,2,2,notumor,notumor
Training/notumor/Tr-no_1253.png,2,2,notumor,notumor
Training/notumor/Tr-no_1254.png,2,2,notumor,notumor
Training/notumor/Tr-no_1256.png,2,2,notumor,notumor
Training/notumor/Tr-no_1265.png,2,2,notumor,notumor
Training/notumor/Tr-no_1266.png,2,2,notumor,notumor
Training/notumor/Tr-no_1267.png,2,2,notumor,notumor
Training/notumor/Tr-no_1269.png,2,2,notumor,notumor
Training/notumor/Tr-no_1273.png,2,2,notumor,notumor
Training/notumor/Tr-no_129.png,2,2,notumor,notumor
Training/notumor/Tr-no_1291.png,2,2,notumor,notumor
Training/notumor/Tr-no_1293.png,2,2,notumor,notumor
Training/notumor/Tr-no_1299.png,2,2,notumor,notumor
Training/notumor/Tr-no_130.png,2,2,notumor,notumor
Training/notumor/Tr-no_1302.png,2,2,notumor,notumor
Training/notumor/Tr-no_1307.png,2,2,notumor,notumor
Training/notumor/Tr-no_1314.png,2,2,notumor,notumor
Training/notumor/Tr-no_1321.png,2,2,notumor,notumor
Training/notumor/Tr-no_1329.png,2,2,notumor,notumor
Training/notumor/Tr-no_1330.png,2,2,notumor,notumor
Training/notumor/Tr-no_1336.png,2,2,notumor,notumor
Training/notumor/Tr-no_1338.png,2,2,notumor,notumor
Training/notumor/Tr-no_1342.png,2,2,notumor,notumor
Training/notumor/Tr-no_1346.png,2,2,notumor,notumor
Training/notumor/Tr-no_135.png,2,2,notumor,notumor
Training/notumor/Tr-no_1350.png,2,2,notumor,notumor
Training/notumor/Tr-no_1354.png,2,2,notumor,notumor
Training/notumor/Tr-no_1361.png,2,2,notumor,notumor
Training/notumor/Tr-no_1368.png,2,2,notumor,notumor
Training/notumor/Tr-no_1370.png,2,2,notumor,notumor
Training/notumor/Tr-no_1373.png,2,2,notumor,notumor
Training/notumor/Tr-no_1377.png,2,2,notumor,notumor
Training/notumor/Tr-no_1381.png,2,2,notumor,notumor
Training/notumor/Tr-no_1388.png,2,2,notumor,notumor
Training/notumor/Tr-no_1390.png,2,2,notumor,notumor
Training/notumor/Tr-no_1400.png,2,2,notumor,notumor
Training/notumor/Tr-no_142.png,2,2,notumor,notumor
Training/notumor/Tr-no_147.png,2,1,notumor,meningioma
Training/notumor/Tr-no_149.png,2,2,notumor,notumor
Training/notumor/Tr-no_153.png,2,2,notumor,notumor
Training/notumor/Tr-no_154.png,2,2,notumor,notumor
Training/notumor/Tr-no_159.png,2,2,notumor,notumor
Training/notumor/Tr-no_165.png,2,2,notumor,notumor
Training/notumor/Tr-no_166.png,2,2,notumor,notumor
Training/notumor/Tr-no_167.png,2,2,notumor,notumor
Training/notumor/Tr-no_17.png,2,2,notumor,notumor
Training/notumor/Tr-no_179.png,2,2,notumor,notumor
Training/notumor/Tr-no_182.png,2,2,notumor,notumor
Training/notumor/Tr-no_183.png,2,2,notumor,notumor
Training/notumor/Tr-no_189.png,2,2,notumor,notumor
Training/notumor/Tr-no_190.png,2,2,notumor,notumor
Training/notumor/Tr-no_193.png,2,2,notumor,notumor
Training/notumor/Tr-no_198.png,2,2,notumor,notumor
Training/notumor/Tr-no_20.png,2,2,notumor,notumor
Training/notumor/Tr-no_203.png,2,2,notumor,notumor
Training/notumor/Tr-no_217.png,2,2,notumor,notumor
Training/notumor/Tr-no_219.png,2,2,notumor,notumor
Training/notumor/Tr-no_22.png,2,2,notumor,notumor
Training/notumor/Tr-no_221.png,2,2,notumor,notumor
Training/notumor/Tr-no_224.png,2,2,notumor,notumor
Training/notumor/Tr-no_226.png,2,2,notumor,notumor
Training/notumor/Tr-no_231.png,2,2,notumor,notumor
Training/notumor/Tr-no_233.png,2,2,notumor,notumor
Training/notumor/Tr-no_236.png,2,2,notumor,notumor
Training/notumor/Tr-no_240.png,2,2,notumor,notumor
Training/notumor/Tr-no_241.png,2,2,notumor,notumor
Training/notumor/Tr-no_254.png,2,2,notumor,notumor
Training/notumor/Tr-no_255.png,2,2,notumor,notumor
Training/notumor/Tr-no_256.png,2,2,notumor,notumor
Training/notumor/Tr-no_259.png,2,2,notumor,notumor
Training/notumor/Tr-no_260.png,2,2,notumor,notumor
Training/notumor/Tr-no_263.png,2,2,notumor,notumor
Training/notumor/Tr-no_280.png,2,2,notumor,notumor
Training/notumor/Tr-no_286.png,2,2,notumor,notumor
Training/notumor/Tr-no_292.png,2,2,notumor,notumor
Training/notumor/Tr-no_296.png,2,2,notumor,notumor
Training/notumor/Tr-no_299.png,2,2,notumor,notumor
Training/notumor/Tr-no_307.png,2,2,notumor,notumor
Training/notumor/Tr-no_31.png,2,2,notumor,notumor
Training/notumor/Tr-no_315.png,2,2,notumor,notumor
Training/notumor/Tr-no_323.png,2,2,notumor,notumor
Training/notumor/Tr-no_328.png,2,2,notumor,notumor
Training/notumor/Tr-no_341.png,2,2,notumor,notumor
Training/notumor/Tr-no_343.png,2,2,notumor,notumor
Training/notumor/Tr-no_352.png,2,2,notumor,notumor
Training/notumor/Tr-no_358.png,2,2,notumor,notumor
Training/notumor/Tr-no_361.png,2,2,notumor,notumor
Training/notumor/Tr-no_371.png,2,2,notumor,notumor
Training/notumor/Tr-no_373.png,2,2,notumor,notumor
Training/notumor/Tr-no_38.png,2,2,notumor,notumor
Training/notumor/Tr-no_380.png,2,2,notumor,notumor
Training/notumor/Tr-no_383.png,2,1,notumor,meningioma
Training/notumor/Tr-no_386.png,2,2,notumor,notumor
Training/notumor/Tr-no_387.png,2,2,notumor,notumor
Training/notumor/Tr-no_393.png,2,2,notumor,notumor
Training/notumor/Tr-no_394.png,2,2,notumor,notumor
Training/notumor/Tr-no_397.png,2,2,notumor,notumor
Training/notumor/Tr-no_398.png,2,2,notumor,notumor
Training/notumor/Tr-no_400.png,2,2,notumor,notumor
Training/notumor/Tr-no_404.png,2,2,notumor,notumor
Training/notumor/Tr-no_405.png,2,2,notumor,notumor
Training/notumor/Tr-no_409.png,2,2,notumor,notumor
Training/notumor/Tr-no_410.png,2,2,notumor,notumor
Training/notumor/Tr-no_420.png,2,2,notumor,notumor
Training/notumor/Tr-no_43.png,2,2,notumor,notumor
Training/notumor/Tr-no_433.png,2,2,notumor,notumor
Training/notumor/Tr-no_440.png,2,2,notumor,notumor
Training/notumor/Tr-no_441.png,2,2,notumor,notumor
Training/notumor/Tr-no_445.png,2,2,notumor,notumor
Training/notumor/Tr-no_450.png,2,2,notumor,notumor
Training/notumor/Tr-no_456.png,2,2,notumor,notumor
Training/notumor/Tr-no_46.png,2,2,notumor,notumor
Training/notumor/Tr-no_460.png,2,2,notumor,notumor
Training/notumor/Tr-no_47.png,2,2,notumor,notumor
Training/notumor/Tr-no_473.png,2,2,notumor,notumor
Training/notumor/Tr-no_477.png,2,2,notumor,notumor
Training/notumor/Tr-no_479.png,2,2,notumor,notumor
Training/notumor/Tr-no_483.png,2,2,notumor,notumor
Training/notumor/Tr-no_489.png,2,2,notumor,notumor
Training/notumor/Tr-no_491.png,2,2,notumor,notumor
Training/notumor/Tr-no_492.png,2,2,notumor,notumor
Training/notumor/Tr-no_500.png,2,2,notumor,notumor
Training/notumor/Tr-no_503.png,2,2,notumor,notumor
Training/notumor/Tr-no_51.png,2,2,notumor,notumor
Training/notumor/Tr-no_521.png,2,2,notumor,notumor
Training/notumor/Tr-no_523.png,2,2,notumor,notumor
Training/notumor/Tr-no_531.png,2,2,notumor,notumor
Training/notumor/Tr-no_543.png,2,2,notumor,notumor
Training/notumor/Tr-no_546.png,2,2,notumor,notumor
Training/notumor/Tr-no_549.png,2,2,notumor,notumor
Training/notumor/Tr-no_55.png,2,2,notumor,notumor
Training/notumor/Tr-no_552.png,2,2,notumor,notumor
Training/notumor/Tr-no_557.png,2,2,notumor,notumor
Training/notumor/Tr-no_56.png,2,2,notumor,notumor
Training/notumor/Tr-no_562.png,2,1,notumor,meningioma
Training/notumor/Tr-no_563.png,2,2,notumor,notumor
Training/notumor/Tr-no_567.png,2,2,notumor,notumor
Training/notumor/Tr-no_572.png,2,2,notumor,notumor
Training/notumor/Tr-no_573.png,2,2,notumor,notumor
Training/notumor/Tr-no_575.png,2,2,notumor,notumor
Training/notumor/Tr-no_579.png,2,2,notumor,notumor
Training/notumor/Tr-no_580.png,2,2,notumor,notumor
Training/notumor/Tr-no_581.png,2,2,notumor,notumor
Training/notumor/Tr-no_590.png,2,2,notumor,notumor
Training/notumor/Tr-no_593.png,2,2,notumor,notumor
Training/notumor/Tr-no_596.png,2,2,notumor,notumor
Training/notumor/Tr-no_597.png,2,2,notumor,notumor
Training/notumor/Tr-no_598.png,2,2,notumor,notumor
Training/notumor/Tr-no_616.png,2,1,notumor,meningioma
Training/notumor/Tr-no_620.png,2,2,notumor,notumor
Training/notumor/Tr-no_622.png,2,2,notumor,notumor
Training/notumor/Tr-no_63.png,2,2,notumor,notumor
Training/notumor/Tr-no_659.png,2,2,notumor,notumor
Training/notumor/Tr-no_660.png,2,2,notumor,notumor
Training/notumor/Tr-no_667.png,2,2,notumor,notumor
Training/notumor/Tr-no_668.png,2,2,notumor,notumor
Training/notumor/Tr-no_674.png,2,2,notumor,notumor
Training/notumor/Tr-no_675.png,2,2,notumor,notumor
Training/notumor/Tr-no_677.png,2,2,notumor,notumor
Training/notumor/Tr-no_678.png,2,2,notumor,notumor
Training/notumor/Tr-no_681.png,2,2,notumor,notumor
Training/notumor/Tr-no_695.png,2,2,notumor,notumor
Training/notumor/Tr-no_7.png,2,1,notumor,meningioma
Training/notumor/Tr-no_705.png,2,2,notumor,notumor
Training/notumor/Tr-no_707.png,2,2,notumor,notumor
Training/notumor/Tr-no_715.png,2,2,notumor,notumor
Training/notumor/Tr-no_716.png,2,2,notumor,notumor
Training/notumor/Tr-no_72.png,2,2,notumor,notumor
Training/notumor/Tr-no_725.png,2,2,notumor,notumor
Training/notumor/Tr-no_729.png,2,2,notumor,notumor
Training/notumor/Tr-no_73.png,2,2,notumor,notumor
Training/notumor/Tr-no_732.png,2,2,notumor,notumor
Training/notumor/Tr-no_737.png,2,2,notumor,notumor
Training/notumor/Tr-no_738.png,2,2,notumor,notumor
Training/notumor/Tr-no_743.png,2,2,notumor,notumor
Training/notumor/Tr-no_748.png,2,2,notumor,notumor
Training/notumor/Tr-no_749.png,2,2,notumor,notumor
Training/notumor/Tr-no_750.png,2,2,notumor,notumor
Training/notumor/Tr-no_758.png,2,2,notumor,notumor
Training/notumor/Tr-no_76.png,2,2,notumor,notumor
Training/notumor/Tr-no_774.png,2,2,notumor,notumor
Training/notumor/Tr-no_779.png,2,2,notumor,notumor
Training/notumor/Tr-no_78.png,2,2,notumor,notumor
Training/notumor/Tr-no_784.png,2,2,notumor,notumor
Training/notumor/Tr-no_785.png,2,2,notumor,notumor
Training/notumor/Tr-no_788.png,2,2,notumor,notumor
Training/notumor/Tr-no_79.png,2,2,notumor,notumor
Training/notumor/Tr-no_790.png,2,2,notumor,notumor
Training/notumor/Tr-no_792.png,2,2,notumor,notumor
Training/notumor/Tr-no_795.png,2,2,notumor,notumor
Training/notumor/Tr-no_801.png,2,2,notumor,notumor
Training/notumor/Tr-no_804.png,2,2,notumor,notumor
Training/notumor/Tr-no_806.png,2,2,notumor,notumor
Training/notumor/Tr-no_807.png,2,2,notumor,notumor
Training/notumor/Tr-no_81.png,2,2,notumor,notumor
Training/notumor/Tr-no_835.png,2,2,notumor,notumor
Training/notumor/Tr-no_84.png,2,2,notumor,notumor
Training/notumor/Tr-no_844.png,2,2,notumor,notumor
Training/notumor/Tr-no_849.png,2,2,notumor,notumor
Training/notumor/Tr-no_850.png,2,2,notumor,notumor
Training/notumor/Tr-no_852.png,2,2,notumor,notumor
Training/notumor/Tr-no_853.png,2,2,notumor,notumor
Training/notumor/Tr-no_855.png,2,2,notumor,notumor
Training/notumor/Tr-no_859.png,2,2,notumor,notumor
Training/notumor/Tr-no_862.png,2,2,notumor,notumor
Training/notumor/Tr-no_867.png,2,2,notumor,notumor
Training/notumor/Tr-no_873.png,2,2,notumor,notumor
Training/notumor/Tr-no_875.png,2,2,notumor,notumor
Training/notumor/Tr-no_877.png,2,2,notumor,notumor
Training/notumor/Tr-no_880.png,2,2,notumor,notumor
Training/notumor/Tr-no_889.png,2,2,notumor,notumor
Training/notumor/Tr-no_898.png,2,2,notumor,notumor
Training/notumor/Tr-no_901.png,2,2,notumor,notumor
Training/notumor/Tr-no_908.png,2,2,notumor,notumor
Training/notumor/Tr-no_911.png,2,2,notumor,notumor
Training/notumor/Tr-no_923.png,2,2,notumor,notumor
Training/notumor/Tr-no_929.png,2,2,notumor,notumor
Training/notumor/Tr-no_930.png,2,2,notumor,notumor
Training/notumor/Tr-no_932.png,2,2,notumor,notumor
Training/notumor/Tr-no_938.png,2,2,notumor,notumor
Training/notumor/Tr-no_946.png,2,2,notumor,notumor
Training/notumor/Tr-no_950.png,2,2,notumor,notumor
Training/notumor/Tr-no_956.png,2,2,notumor,notumor
Training/notumor/Tr-no_962.png,2,2,notumor,notumor
Training/notumor/Tr-no_979.png,2,2,notumor,notumor
Training/notumor/Tr-no_984.png,2,2,notumor,notumor
Training/notumor/Tr-no_994.png,2,2,notumor,notumor
Training/notumor/Tr-no_995.png,2,2,notumor,notumor
Training/notumor/Tr-no_997.png,2,2,notumor,notumor
Training/notumor/Tr-no_998.png,2,0,notumor,glioma
Training/pituitary/Tr-pi_1012.png,3,3,pituitary,pituitary
Training/pituitary/Tr-pi_1023.png,3,3,pituitary,pituitary
Training/pituitary/Tr-pi_1024.png,3,3,pituitary,pituitary
Training/pituitary/Tr-pi_1025.png,3,1,pituitary,meningioma
Training/pituitary/Tr-pi_1029.png,3,3,pituitary,pituitary
Training/pituitary/Tr-pi_1036.png,3,3,pituitary,pituitary
Training/pituitary/Tr-pi_1038.png,3,3,pituitary,pituitary
Training/pituitary/Tr-pi_1040.png,3,3,pituitary,pituitary
Training/pituitary/Tr-pi_1044.png,3,3,pituitary,pituitary
Training/pituitary/Tr-pi_105.png,3,3,pituitary,pituitary
Training/pituitary/Tr-pi_1050.png,3,3,pituitary,pituitary
Training/pituitary/Tr-pi_1055.png,3,3,pituitary,pituitary
Training/pituitary/Tr-pi_106.png,3,3,pituitary,pituitary
Training/pituitary/Tr-pi_1069.png,3,3,pituitary,pituitary
Training/pituitary/Tr-pi_1072.png,3,3,pituitary,pituitary
Training/pituitary/Tr-pi_1076.png,3,3,pituitary,pituitary
Training/pituitary/Tr-pi_1077.png,3,3,pituitary,pituitary
Training/pituitary/Tr-pi_1088.png,3,3,pituitary,pituitary
Training/pituitary/Tr-pi_1093.png,3,3,pituitary,pituitary
Training/pituitary/Tr-pi_1101.png,3,3,pituitary,pituitary
Training/pituitary/Tr-pi_1104.png,3,3,pituitary,pituitary
Training/pituitary/Tr-pi_1105.png,3,3,pituitary,pituitary
Training/pituitary/Tr-pi_1106.png,3,3,pituitary,pituitary
Training/pituitary/Tr-pi_1109.png,3,3,pituitary,pituitary
Training/pituitary/Tr-pi_111.png,3,3,pituitary,pituitary
Training/pituitary/Tr-pi_1116.png,3,3,pituitary,pituitary
Training/pituitary/Tr-pi_1123.png,3,3,pituitary,pituitary
Training/pituitary/Tr-pi_1129.png,3,3,pituitary,pituitary
Training/pituitary/Tr-pi_1137.png,3,1,pituitary,meningioma
Training/pituitary/Tr-pi_1140.png,3,3,pituitary,pituitary
Training/pituitary/Tr-pi_1147.png,3,3,pituitary,pituitary
Training/pituitary/Tr-pi_1148.png,3,3,pituitary,pituitary
Training/pituitary/Tr-pi_1152.png,3,3,pituitary,pituitary
Training/pituitary/Tr-pi_1154.png,3,3,pituitary,pituitary
Training/pituitary/Tr-pi_116.png,3,3,pituitary,pituitary
Training/pituitary/Tr-pi_1161.png,3,1,pituitary,meningioma
Training/pituitary/Tr-pi_1173.png,3,3,pituitary,pituitary
Training/pituitary/Tr-pi_1181.png,3,3,pituitary,pituitary
Training/pituitary/Tr-pi_1188.png,3,3,pituitary,pituitary
Training/pituitary/Tr-pi_1190.png,3,3,pituitary,pituitary
Training/pituitary/Tr-pi_1195.png,3,3,pituitary,pituitary
Training/pituitary/Tr-pi_1197.png,3,3,pituitary,pituitary
Training/pituitary/Tr-pi_12.png,3,3,pituitary,pituitary
Training/pituitary/Tr-pi_1200.png,3,3,pituitary,pituitary
Training/pituitary/Tr-pi_1209.png,3,3,pituitary,pituitary
Training/pituitary/Tr-pi_1214.png,3,1,pituitary,meningioma
Training/pituitary/Tr-pi_1219.png,3,3,pituitary,pituitary
Training/pituitary/Tr-pi_1222.png,3,3,pituitary,pituitary
Training/pituitary/Tr-pi_1225.png,3,3,pituitary,pituitary
Training/pituitary/Tr-pi_1233.png,3,3,pituitary,pituitary
Training/pituitary/Tr-pi_1235.png,3,3,pituitary,pituitary
Training/pituitary/Tr-pi_1242.png,3,3,pituitary,pituitary
Training/pituitary/Tr-pi_1244.png,3,3,pituitary,pituitary
Training/pituitary/Tr-pi_1250.png,3,3,pituitary,pituitary
Training/pituitary/Tr-pi_1255.png,3,1,pituitary,meningioma
Training/pituitary/Tr-pi_1259.png,3,3,pituitary,pituitary
Training/pituitary/Tr-pi_1262.png,3,3,pituitary,pituitary
Training/pituitary/Tr-pi_1267.png,3,3,pituitary,pituitary
Training/pituitary/Tr-pi_1269.png,3,3,pituitary,pituitary
Training/pituitary/Tr-pi_127.png,3,3,pituitary,pituitary
Training/pituitary/Tr-pi_1279.png,3,3,pituitary,pituitary
Training/pituitary/Tr-pi_128.png,3,3,pituitary,pituitary
Training/pituitary/Tr-pi_1285.png,3,3,pituitary,pituitary
Training/pituitary/Tr-pi_1292.png,3,3,pituitary,pituitary
Training/pituitary/Tr-pi_1299.png,3,3,pituitary,pituitary
Training/pituitary/Tr-pi_13.png,3,0,pituitary,glioma
Training/pituitary/Tr-pi_1302.png,3,3,pituitary,pituitary
Training/pituitary/Tr-pi_1319.png,3,3,pituitary,pituitary
Training/pituitary/Tr-pi_1326.png,3,3,pituitary,pituitary
Training/pituitary/Tr-pi_1339.png,3,3,pituitary,pituitary
Training/pituitary/Tr-pi_1340.png,3,3,pituitary,pituitary
Training/pituitary/Tr-pi_1341.png,3,3,pituitary,pituitary
Training/pituitary/Tr-pi_1345.png,3,3,pituitary,pituitary
Training/pituitary/Tr-pi_1350.png,3,3,pituitary,pituitary
Training/pituitary/Tr-pi_1354.png,3,3,pituitary,pituitary
Training/pituitary/Tr-pi_1356.png,3,3,pituitary,pituitary
Training/pituitary/Tr-pi_1357.png,3,3,pituitary,pituitary
Training/pituitary/Tr-pi_1358.png,3,3,pituitary,pituitary
Training/pituitary/Tr-pi_136.png,3,3,pituitary,pituitary
Training/pituitary/Tr-pi_1370.png,3,3,pituitary,pituitary
Training/pituitary/Tr-pi_1373.png,3,3,pituitary,pituitary
Training/pituitary/Tr-pi_1377.png,3,3,pituitary,pituitary
Training/pituitary/Tr-pi_1382.png,3,3,pituitary,pituitary
Training/pituitary/Tr-pi_1383.png,3,3,pituitary,pituitary
Training/pituitary/Tr-pi_1384.png,3,3,pituitary,pituitary
Training/pituitary/Tr-pi_1387.png,3,3,pituitary,pituitary
Training/pituitary/Tr-pi_1396.png,3,3,pituitary,pituitary
Training/pituitary/Tr-pi_1400.png,3,3,pituitary,pituitary
Training/pituitary/Tr-pi_144.png,3,3,pituitary,pituitary
Training/pituitary/Tr-pi_149.png,3,3,pituitary,pituitary
Training/pituitary/Tr-pi_150.png,3,3,pituitary,pituitary
Training/pituitary/Tr-pi_161.png,3,3,pituitary,pituitary
Training/pituitary/Tr-pi_17.png,3,3,pituitary,pituitary
Training/pituitary/Tr-pi_170.png,3,3,pituitary,pituitary
Training/pituitary/Tr-pi_172.png,3,3,pituitary,pituitary
Training/pituitary/Tr-pi_173.png,3,3,pituitary,pituitary
Training/pituitary/Tr-pi_175.png,3,3,pituitary,pituitary
Training/pituitary/Tr-pi_18.png,3,3,pituitary,pituitary
Training/pituitary/Tr-pi_182.png,3,3,pituitary,pituitary
Training/pituitary/Tr-pi_188.png,3,3,pituitary,pituitary
Training/pituitary/Tr-pi_192.png,3,3,pituitary,pituitary
Training/pituitary/Tr-pi_196.png,3,3,pituitary,pituitary
Training/pituitary/Tr-pi_202.png,3,3,pituitary,pituitary
Training/pituitary/Tr-pi_207.png,3,3,pituitary,pituitary
Training/pituitary/Tr-pi_210.png,3,3,pituitary,pituitary
Training/pituitary/Tr-pi_211.png,3,3,pituitary,pituitary
Training/pituitary/Tr-pi_218.png,3,3,pituitary,pituitary
Training/pituitary/Tr-pi_222.png,3,3,pituitary,pituitary
Training/pituitary/Tr-pi_226.png,3,3,pituitary,pituitary
Training/pituitary/Tr-pi_234.png,3,3,pituitary,pituitary
Training/pituitary/Tr-pi_237.png,3,3,pituitary,pituitary
Training/pituitary/Tr-pi_240.png,3,3,pituitary,pituitary
Training/pituitary/Tr-pi_25.png,3,3,pituitary,pituitary
Training/pituitary/Tr-pi_255.png,3,3,pituitary,pituitary
Training/pituitary/Tr-pi_271.png,3,3,pituitary,pituitary
Training/pituitary/Tr-pi_275.png,3,3,pituitary,pituitary
Training/pituitary/Tr-pi_282.png,3,3,pituitary,pituitary
Training/pituitary/Tr-pi_283.png,3,3,pituitary,pituitary
Training/pituitary/Tr-pi_284.png,3,3,pituitary,pituitary
Training/pituitary/Tr-pi_288.png,3,3,pituitary,pituitary
Training/pituitary/Tr-pi_292.png,3,3,pituitary,pituitary
Training/pituitary/Tr-pi_296.png,3,3,pituitary,pituitary
Training/pituitary/Tr-pi_298.png,3,3,pituitary,pituitary
Training/pituitary/Tr-pi_3.png,3,3,pituitary,pituitary
Training/pituitary/Tr-pi_30.png,3,3,pituitary,pituitary
Training/pituitary/Tr-pi_305.png,3,3,pituitary,pituitary
Training/pituitary/Tr-pi_318.png,3,3,pituitary,pituitary
Training/pituitary/Tr-pi_329.png,3,3,pituitary,pituitary
Training/pituitary/Tr-pi_330.png,3,3,pituitary,pituitary
Training/pituitary/Tr-pi_331.png,3,3,pituitary,pituitary
Training/pituitary/Tr-pi_341.png,3,3,pituitary,pituitary
Training/pituitary/Tr-pi_352.png,3,3,pituitary,pituitary
Training/pituitary/Tr-pi_364.png,3,3,pituitary,pituitary
Training/pituitary/Tr-pi_365.png,3,3,pituitary,pituitary
Training/pituitary/Tr-pi_370.png,3,1,pituitary,meningioma
Training/pituitary/Tr-pi_373.png,3,3,pituitary,pituitary
Training/pituitary/Tr-pi_378.png,3,3,pituitary,pituitary
Training/pituitary/Tr-pi_380.png,3,3,pituitary,pituitary
Training/pituitary/Tr-pi_384.png,3,3,pituitary,pituitary
Training/pituitary/Tr-pi_388.png,3,3,pituitary,pituitary
Training/pituitary/Tr-pi_39.png,3,3,pituitary,pituitary
Training/pituitary/Tr-pi_392.png,3,3,pituitary,pituitary
Training/pituitary/Tr-pi_396.png,3,3,pituitary,pituitary
Training/pituitary/Tr-pi_399.png,3,3,pituitary,pituitary
Training/pituitary/Tr-pi_401.png,3,3,pituitary,pituitary
Training/pituitary/Tr-pi_402.png,3,3,pituitary,pituitary
Training/pituitary/Tr-pi_406.png,3,3,pituitary,pituitary
Training/pituitary/Tr-pi_409.png,3,3,pituitary,pituitary
Training/pituitary/Tr-pi_412.png,3,3,pituitary,pituitary
Training/pituitary/Tr-pi_415.png,3,3,pituitary,pituitary
Training/pituitary/Tr-pi_418.png,3,3,pituitary,pituitary
Training/pituitary/Tr-pi_419.png,3,3,pituitary,pituitary
Training/pituitary/Tr-pi_427.png,3,3,pituitary,pituitary
Training/pituitary/Tr-pi_428.png,3,3,pituitary,pituitary
Training/pituitary/Tr-pi_43.png,3,3,pituitary,pituitary
Training/pituitary/Tr-pi_433.png,3,3,pituitary,pituitary
Training/pituitary/Tr-pi_436.png,3,3,pituitary,pituitary
Training/pituitary/Tr-pi_439.png,3,3,pituitary,pituitary
Training/pituitary/Tr-pi_441.png,3,3,pituitary,pituitary
Training/pituitary/Tr-pi_443.png,3,3,pituitary,pituitary
Training/pituitary/Tr-pi_444.png,3,3,pituitary,pituitary
Training/pituitary/Tr-pi_447.png,3,3,pituitary,pituitary
Training/pituitary/Tr-pi_449.png,3,3,pituitary,pituitary
Training/pituitary/Tr-pi_465.png,3,3,pituitary,pituitary
Training/pituitary/Tr-pi_472.png,3,3,pituitary,pituitary
Training/pituitary/Tr-pi_480.png,3,3,pituitary,pituitary
Training/pituitary/Tr-pi_481.png,3,3,pituitary,pituitary
Training/pituitary/Tr-pi_485.png,3,3,pituitary,pituitary
Training/pituitary/Tr-pi_490.png,3,3,pituitary,pituitary
Training/pituitary/Tr-pi_492.png,3,3,pituitary,pituitary
Training/pituitary/Tr-pi_494.png,3,3,pituitary,pituitary
Training/pituitary/Tr-pi_5.png,3,3,pituitary,pituitary
Training/pituitary/Tr-pi_50.png,3,3,pituitary,pituitary
Training/pituitary/Tr-pi_504.png,3,3,pituitary,pituitary
Training/pituitary/Tr-pi_506.png,3,3,pituitary,pituitary
Training/pituitary/Tr-pi_510.png,3,3,pituitary,pituitary
Training/pituitary/Tr-pi_512.png,3,3,pituitary,pituitary
Training/pituitary/Tr-pi_514.png,3,1,pituitary,meningioma
Training/pituitary/Tr-pi_517.png,3,3,pituitary,pituitary
Training/pituitary/Tr-pi_518.png,3,3,pituitary,pituitary
Training/pituitary/Tr-pi_520.png,3,3,pituitary,pituitary
Training/pituitary/Tr-pi_522.png,3,3,pituitary,pituitary
Training/pituitary/Tr-pi_526.png,3,3,pituitary,pituitary
Training/pituitary/Tr-pi_532.png,3,3,pituitary,pituitary
Training/pituitary/Tr-pi_535.png,3,3,pituitary,pituitary
Training/pituitary/Tr-pi_542.png,3,3,pituitary,pituitary
Training/pituitary/Tr-pi_544.png,3,3,pituitary,pituitary
Training/pituitary/Tr-pi_561.png,3,3,pituitary,pituitary
Training/pituitary/Tr-pi_562.png,3,3,pituitary,pituitary
Training/pituitary/Tr-pi_564.png,3,3,pituitary,pituitary
Training/pituitary/Tr-pi_575.png,3,3,pituitary,pituitary
Training/pituitary/Tr-pi_577.png,3,3,pituitary,pituitary
Training/pituitary/Tr-pi_584.png,3,3,pituitary,pituitary
Training/pituitary/Tr-pi_595.png,3,3,pituitary,pituitary
Training/pituitary/Tr-pi_597.png,3,3,pituitary,pituitary
Training/pituitary/Tr-pi_6.png,3,3,pituitary,pituitary
Training/pituitary/Tr-pi_616.png,3,3,pituitary,pituitary
Training/pituitary/Tr-pi_62.png,3,3,pituitary,pituitary
Training/pituitary/Tr-pi_622.png,3,3,pituitary,pituitary
Training/pituitary/Tr-pi_623.png,3,3,pituitary,pituitary
Training/pituitary/Tr-pi_627.png,3,3,pituitary,pituitary
Training/pituitary/Tr-pi_631.png,3,3,pituitary,pituitary
Training/pituitary/Tr-pi_632.png,3,3,pituitary,pituitary
Training/pituitary/Tr-pi_637.png,3,3,pituitary,pituitary
Training/pituitary/Tr-pi_64.png,3,3,pituitary,pituitary
Training/pituitary/Tr-pi_640.png,3,3,pituitary,pituitary
Training/pituitary/Tr-pi_653.png,3,3,pituitary,pituitary
Training/pituitary/Tr-pi_654.png,3,3,pituitary,pituitary
Training/pituitary/Tr-pi_656.png,3,3,pituitary,pituitary
Training/pituitary/Tr-pi_659.png,3,3,pituitary,pituitary
Training/pituitary/Tr-pi_66.png,3,3,pituitary,pituitary
Training/pituitary/Tr-pi_678.png,3,3,pituitary,pituitary
Training/pituitary/Tr-pi_679.png,3,3,pituitary,pituitary
Training/pituitary/Tr-pi_683.png,3,3,pituitary,pituitary
Training/pituitary/Tr-pi_684.png,3,3,pituitary,pituitary
Training/pituitary/Tr-pi_69.png,3,3,pituitary,pituitary
Training/pituitary/Tr-pi_691.png,3,3,pituitary,pituitary
Training/pituitary/Tr-pi_695.png,3,3,pituitary,pituitary
Training/pituitary/Tr-pi_701.png,3,3,pituitary,pituitary
Training/pituitary/Tr-pi_704.png,3,3,pituitary,pituitary
Training/pituitary/Tr-pi_711.png,3,3,pituitary,pituitary
Training/pituitary/Tr-pi_712.png,3,3,pituitary,pituitary
Training/pituitary/Tr-pi_713.png,3,3,pituitary,pituitary
Training/pituitary/Tr-pi_714.png,3,3,pituitary,pituitary
Training/pituitary/Tr-pi_720.png,3,3,pituitary,pituitary
Training/pituitary/Tr-pi_727.png,3,3,pituitary,pituitary
Training/pituitary/Tr-pi_728.png,3,3,pituitary,pituitary
Training/pituitary/Tr-pi_73.png,3,3,pituitary,pituitary
Training/pituitary/Tr-pi_732.png,3,3,pituitary,pituitary
Training/pituitary/Tr-pi_737.png,3,3,pituitary,pituitary
Training/pituitary/Tr-pi_751.png,3,3,pituitary,pituitary
Training/pituitary/Tr-pi_758.png,3,3,pituitary,pituitary
Training/pituitary/Tr-pi_759.png,3,3,pituitary,pituitary
Training/pituitary/Tr-pi_76.png,3,3,pituitary,pituitary
Training/pituitary/Tr-pi_762.png,3,3,pituitary,pituitary
Training/pituitary/Tr-pi_766.png,3,3,pituitary,pituitary
Training/pituitary/Tr-pi_767.png,3,3,pituitary,pituitary
Training/pituitary/Tr-pi_769.png,3,3,pituitary,pituitary
Training/pituitary/Tr-pi_773.png,3,3,pituitary,pituitary
Training/pituitary/Tr-pi_776.png,3,0,pituitary,glioma
Training/pituitary/Tr-pi_781.png,3,3,pituitary,pituitary
Training/pituitary/Tr-pi_787.png,3,3,pituitary,pituitary
Training/pituitary/Tr-pi_789.png,3,3,pituitary,pituitary
Training/pituitary/Tr-pi_813.png,3,3,pituitary,pituitary
Training/pituitary/Tr-pi_817.png,3,3,pituitary,pituitary
Training/pituitary/Tr-pi_82.png,3,3,pituitary,pituitary
Training/pituitary/Tr-pi_826.png,3,3,pituitary,pituitary
Training/pituitary/Tr-pi_831.png,3,3,pituitary,pituitary
Training/pituitary/Tr-pi_849.png,3,3,pituitary,pituitary
Training/pituitary/Tr-pi_850.png,3,3,pituitary,pituitary
Training/pituitary/Tr-pi_853.png,3,1,pituitary,meningioma
Training/pituitary/Tr-pi_854.png,3,3,pituitary,pituitary
Training/pituitary/Tr-pi_862.png,3,3,pituitary,pituitary
Training/pituitary/Tr-pi_869.png,3,3,pituitary,pituitary
Training/pituitary/Tr-pi_87.png,3,3,pituitary,pituitary
Training/pituitary/Tr-pi_872.png,3,3,pituitary,pituitary
Training/pituitary/Tr-pi_875.png,3,3,pituitary,pituitary
Training/pituitary/Tr-pi_881.png,3,3,pituitary,pituitary
Training/pituitary/Tr-pi_898.png,3,3,pituitary,pituitary
Training/pituitary/Tr-pi_900.png,3,3,pituitary,pituitary
Training/pituitary/Tr-pi_903.png,3,3,pituitary,pituitary
Training/pituitary/Tr-pi_911.png,3,3,pituitary,pituitary
Training/pituitary/Tr-pi_92.png,3,3,pituitary,pituitary
Training/pituitary/Tr-pi_920.png,3,3,pituitary,pituitary
Training/pituitary/Tr-pi_927.png,3,3,pituitary,pituitary
Training/pituitary/Tr-pi_93.png,3,3,pituitary,pituitary
Training/pituitary/Tr-pi_931.png,3,3,pituitary,pituitary
Training/pituitary/Tr-pi_94.png,3,3,pituitary,pituitary
Training/pituitary/Tr-pi_942.png,3,3,pituitary,pituitary
Training/pituitary/Tr-pi_943.png,3,3,pituitary,pituitary
Training/pituitary/Tr-pi_949.png,3,3,pituitary,pituitary
Training/pituitary/Tr-pi_952.png,3,3,pituitary,pituitary
Training/pituitary/Tr-pi_960.png,3,3,pituitary,pituitary
Training/pituitary/Tr-pi_962.png,3,3,pituitary,pituitary
Training/pituitary/Tr-pi_963.png,3,3,pituitary,pituitary
Training/pituitary/Tr-pi_965.png,3,3,pituitary,pituitary
Training/pituitary/Tr-pi_968.png,3,3,pituitary,pituitary
Training/pituitary/Tr-pi_970.png,3,3,pituitary,pituitary
Training/pituitary/Tr-pi_975.png,3,3,pituitary,pituitary
Training/pituitary/Tr-pi_989.png,3,3,pituitary,pituitary
