outer_fold,relative_path,true_class,predicted_class
2,Training/glioma/Tr-gl_1000.png,glioma,glioma
2,Training/glioma/Tr-gl_1006.png,glioma,glioma
2,Training/glioma/Tr-gl_1010.png,glioma,glioma
2,Training/glioma/Tr-gl_1011.png,glioma,glioma
2,Training/glioma/Tr-gl_1012.png,glioma,glioma
2,Training/glioma/Tr-gl_1024.png,glioma,glioma
2,Training/glioma/Tr-gl_1026.png,glioma,glioma
2,Training/glioma/Tr-gl_103.png,glioma,glioma
2,Training/glioma/Tr-gl_1036.png,glioma,meningioma
2,Training/glioma/Tr-gl_1038.png,glioma,glioma
2,Training/glioma/Tr-gl_1049.png,glioma,glioma
2,Training/glioma/Tr-gl_1051.png,glioma,glioma
2,Training/glioma/Tr-gl_1056.png,glioma,glioma
2,Training/glioma/Tr-gl_106.png,glioma,meningioma
2,Training/glioma/Tr-gl_1062.png,glioma,pituitary
2,Training/glioma/Tr-gl_1070.png,glioma,glioma
2,Training/glioma/Tr-gl_1079.png,glioma,glioma
2,Training/glioma/Tr-gl_1080.png,glioma,glioma
2,Training/glioma/Tr-gl_1082.png,glioma,meningioma
2,Training/glioma/Tr-gl_1089.png,glioma,glioma
2,Training/glioma/Tr-gl_1102.png,glioma,meningioma
2,Training/glioma/Tr-gl_1105.png,glioma,glioma
2,Training/glioma/Tr-gl_1109.png,glioma,glioma
2,Training/glioma/Tr-gl_1112.png,glioma,glioma
2,Training/glioma/Tr-gl_112.png,glioma,glioma
2,Training/glioma/Tr-gl_1123.png,glioma,meningioma
2,Training/glioma/Tr-gl_1125.png,glioma,glioma
2,Training/glioma/Tr-gl_113.png,glioma,glioma
2,Training/glioma/Tr-gl_1131.png,glioma,glioma
2,Training/glioma/Tr-gl_1136.png,glioma,glioma
2,Training/glioma/Tr-gl_1142.png,glioma,glioma
2,Training/glioma/Tr-gl_1145.png,glioma,glioma
2,Training/glioma/Tr-gl_1147.png,glioma,glioma
2,Training/glioma/Tr-gl_1155.png,glioma,glioma
2,Training/glioma/Tr-gl_1157.png,glioma,glioma
2,Training/glioma/Tr-gl_116.png,glioma,meningioma
2,Training/glioma/Tr-gl_1164.png,glioma,glioma
2,Training/glioma/Tr-gl_1173.png,glioma,glioma
2,Training/glioma/Tr-gl_1183.png,glioma,glioma
2,Training/glioma/Tr-gl_119.png,glioma,meningioma
2,Training/glioma/Tr-gl_1199.png,glioma,glioma
2,Training/glioma/Tr-gl_1202.png,glioma,glioma
2,Training/glioma/Tr-gl_1209.png,glioma,pituitary
2,Training/glioma/Tr-gl_1216.png,glioma,glioma
2,Training/glioma/Tr-gl_1217.png,glioma,glioma
2,Training/glioma/Tr-gl_1218.png,glioma,glioma
2,Training/glioma/Tr-gl_1219.png,glioma,meningioma
2,Training/glioma/Tr-gl_1223.png,glioma,glioma
2,Training/glioma/Tr-gl_1231.png,glioma,glioma
2,Training/glioma/Tr-gl_1234.png,glioma,glioma
2,Training/glioma/Tr-gl_1248.png,glioma,glioma
2,Training/glioma/Tr-gl_1249.png,glioma,meningioma
2,Training/glioma/Tr-gl_125.png,glioma,glioma
2,Training/glioma/Tr-gl_1253.png,glioma,glioma
2,Training/glioma/Tr-gl_1255.png,glioma,glioma
2,Training/glioma/Tr-gl_1269.png,glioma,glioma
2,Training/glioma/Tr-gl_1272.png,glioma,glioma
2,Training/glioma/Tr-gl_1273.png,glioma,meningioma
2,Training/glioma/Tr-gl_1277.png,glioma,glioma
2,Training/glioma/Tr-gl_1281.png,glioma,meningioma
2,Training/glioma/Tr-gl_1285.png,glioma,glioma
2,Training/glioma/Tr-gl_1289.png,glioma,glioma
2,Training/glioma/Tr-gl_129.png,glioma,glioma
2,Training/glioma/Tr-gl_1292.png,glioma,glioma
2,Training/glioma/Tr-gl_1297.png,glioma,pituitary
2,Training/glioma/Tr-gl_1299.png,glioma,glioma
2,Training/glioma/Tr-gl_1300.png,glioma,glioma
2,Training/glioma/Tr-gl_1301.png,glioma,meningioma
2,Training/glioma/Tr-gl_1307.png,glioma,glioma
2,Training/glioma/Tr-gl_1308.png,glioma,pituitary
2,Training/glioma/Tr-gl_1315.png,glioma,glioma
2,Training/glioma/Tr-gl_1316.png,glioma,meningioma
2,Training/glioma/Tr-gl_1317.png,glioma,glioma
2,Training/glioma/Tr-gl_1318.png,glioma,glioma
2,Training/glioma/Tr-gl_1319.png,glioma,pituitary
2,Training/glioma/Tr-gl_132.png,glioma,glioma
2,Training/glioma/Tr-gl_1322.png,glioma,glioma
2,Training/glioma/Tr-gl_1323.png,glioma,glioma
2,Training/glioma/Tr-gl_1324.png,glioma,meningioma
2,Training/glioma/Tr-gl_1341.png,glioma,glioma
2,Training/glioma/Tr-gl_1342.png,glioma,glioma
2,Training/glioma/Tr-gl_1351.png,glioma,meningioma
2,Training/glioma/Tr-gl_1353.png,glioma,meningioma
2,Training/glioma/Tr-gl_1355.png,glioma,glioma
2,Training/glioma/Tr-gl_1357.png,glioma,glioma
2,Training/glioma/Tr-gl_1363.png,glioma,meningioma
2,Training/glioma/Tr-gl_137.png,glioma,glioma
2,Training/glioma/Tr-gl_1372.png,glioma,glioma
2,Training/glioma/Tr-gl_1375.png,glioma,glioma
2,Training/glioma/Tr-gl_1379.png,glioma,meningioma
2,Training/glioma/Tr-gl_1390.png,glioma,meningioma
2,Training/glioma/Tr-gl_1391.png,glioma,glioma
2,Training/glioma/Tr-gl_1394.png,glioma,glioma
2,Training/glioma/Tr-gl_1397.png,glioma,glioma
2,Training/glioma/Tr-gl_1398.png,glioma,glioma
2,Training/glioma/Tr-gl_1399.png,glioma,meningioma
2,Training/glioma/Tr-gl_140.png,glioma,glioma
2,Training/glioma/Tr-gl_149.png,glioma,glioma
2,Training/glioma/Tr-gl_15.png,glioma,meningioma
2,Training/glioma/Tr-gl_16.png,glioma,glioma
2,Training/glioma/Tr-gl_160.png,glioma,glioma
2,Training/glioma/Tr-gl_163.png,glioma,meningioma
2,Training/glioma/Tr-gl_165.png,glioma,meningioma
2,Training/glioma/Tr-gl_18.png,glioma,glioma
2,Training/glioma/Tr-gl_180.png,glioma,glioma
2,Training/glioma/Tr-gl_182.png,glioma,glioma
2,Training/glioma/Tr-gl_183.png,glioma,glioma
2,Training/glioma/Tr-gl_185.png,glioma,glioma
2,Training/glioma/Tr-gl_193.png,glioma,glioma
2,Training/glioma/Tr-gl_195.png,glioma,glioma
2,Training/glioma/Tr-gl_197.png,glioma,glioma
2,Training/glioma/Tr-gl_198.png,glioma,glioma
2,Training/glioma/Tr-gl_2.png,glioma,meningioma
2,Training/glioma/Tr-gl_205.png,glioma,glioma
2,Training/glioma/Tr-gl_209.png,glioma,glioma
2,Training/glioma/Tr-gl_21.png,glioma,glioma
2,Training/glioma/Tr-gl_223.png,glioma,glioma
2,Training/glioma/Tr-gl_224.png,glioma,glioma
2,Training/glioma/Tr-gl_225.png,glioma,glioma
2,Training/glioma/Tr-gl_226.png,glioma,glioma
2,Training/glioma/Tr-gl_229.png,glioma,glioma
2,Training/glioma/Tr-gl_232.png,glioma,glioma
2,Training/glioma/Tr-gl_243.png,glioma,meningioma
2,Training/glioma/Tr-gl_256.png,glioma,glioma
2,Training/glioma/Tr-gl_259.png,glioma,meningioma
2,Training/glioma/Tr-gl_272.png,glioma,glioma
2,Training/glioma/Tr-gl_276.png,glioma,glioma
2,Training/glioma/Tr-gl_287.png,glioma,pituitary
2,Training/glioma/Tr-gl_290.png,glioma,glioma
2,Training/glioma/Tr-gl_292.png,glioma,glioma
2,Training/glioma/Tr-gl_3.png,glioma,glioma
2,Training/glioma/Tr-gl_30.png,glioma,glioma
2,Training/glioma/Tr-gl_300.png,glioma,meningioma
2,Training/glioma/Tr-gl_31.png,glioma,glioma
2,Training/glioma/Tr-gl_32.png,glioma,meningioma
2,Training/glioma/Tr-gl_321.png,glioma,glioma
2,Training/glioma/Tr-gl_324.png,glioma,glioma
2,Training/glioma/Tr-gl_325.png,glioma,glioma
2,Training/glioma/Tr-gl_327.png,glioma,glioma
2,Training/glioma/Tr-gl_331.png,glioma,glioma
2,Training/glioma/Tr-gl_336.png,glioma,meningioma
2,Training/glioma/Tr-gl_339.png,glioma,glioma
2,Training/glioma/Tr-gl_342.png,glioma,glioma
2,Training/glioma/Tr-gl_353.png,glioma,glioma
2,Training/glioma/Tr-gl_354.png,glioma,glioma
2,Training/glioma/Tr-gl_362.png,glioma,glioma
2,Training/glioma/Tr-gl_366.png,glioma,meningioma
2,Training/glioma/Tr-gl_37.png,glioma,glioma
2,Training/glioma/Tr-gl_379.png,glioma,glioma
2,Training/glioma/Tr-gl_384.png,glioma,glioma
2,Training/glioma/Tr-gl_39.png,glioma,glioma
2,Training/glioma/Tr-gl_393.png,glioma,meningioma
2,Training/glioma/Tr-gl_396.png,glioma,glioma
2,Training/glioma/Tr-gl_397.png,glioma,glioma
2,Training/glioma/Tr-gl_40.png,glioma,glioma
2,Training/glioma/Tr-gl_403.png,glioma,glioma
2,Training/glioma/Tr-gl_415.png,glioma,glioma
2,Training/glioma/Tr-gl_417.png,glioma,meningioma
2,Training/glioma/Tr-gl_422.png,glioma,glioma
2,Training/glioma/Tr-gl_426.png,glioma,glioma
2,Training/glioma/Tr-gl_430.png,glioma,glioma
2,Training/glioma/Tr-gl_431.png,glioma,glioma
2,Training/glioma/Tr-gl_447.png,glioma,glioma
2,Training/glioma/Tr-gl_449.png,glioma,glioma
2,Training/glioma/Tr-gl_450.png,glioma,glioma
2,Training/glioma/Tr-gl_452.png,glioma,glioma
2,Training/glioma/Tr-gl_453.png,glioma,glioma
2,Training/glioma/Tr-gl_455.png,glioma,glioma
2,Training/glioma/Tr-gl_457.png,glioma,glioma
2,Training/glioma/Tr-gl_464.png,glioma,glioma
2,Training/glioma/Tr-gl_467.png,glioma,glioma
2,Training/glioma/Tr-gl_473.png,glioma,glioma
2,Training/glioma/Tr-gl_478.png,glioma,glioma
2,Training/glioma/Tr-gl_48.png,glioma,glioma
2,Training/glioma/Tr-gl_482.png,glioma,glioma
2,Training/glioma/Tr-gl_484.png,glioma,glioma
2,Training/glioma/Tr-gl_485.png,glioma,glioma
2,Training/glioma/Tr-gl_487.png,glioma,glioma
2,Training/glioma/Tr-gl_488.png,glioma,glioma
2,Training/glioma/Tr-gl_490.png,glioma,glioma
2,Training/glioma/Tr-gl_499.png,glioma,glioma
2,Training/glioma/Tr-gl_500.png,glioma,glioma
2,Training/glioma/Tr-gl_522.png,glioma,meningioma
2,Training/glioma/Tr-gl_523.png,glioma,glioma
2,Training/glioma/Tr-gl_529.png,glioma,glioma
2,Training/glioma/Tr-gl_53.png,glioma,glioma
2,Training/glioma/Tr-gl_532.png,glioma,pituitary
2,Training/glioma/Tr-gl_536.png,glioma,pituitary
2,Training/glioma/Tr-gl_54.png,glioma,glioma
2,Training/glioma/Tr-gl_540.png,glioma,glioma
2,Training/glioma/Tr-gl_546.png,glioma,pituitary
2,Training/glioma/Tr-gl_559.png,glioma,glioma
2,Training/glioma/Tr-gl_566.png,glioma,glioma
2,Training/glioma/Tr-gl_571.png,glioma,glioma
2,Training/glioma/Tr-gl_573.png,glioma,meningioma
2,Training/glioma/Tr-gl_578.png,glioma,meningioma
2,Training/glioma/Tr-gl_579.png,glioma,glioma
2,Training/glioma/Tr-gl_58.png,glioma,glioma
2,Training/glioma/Tr-gl_583.png,glioma,meningioma
2,Training/glioma/Tr-gl_589.png,glioma,glioma
2,Training/glioma/Tr-gl_598.png,glioma,glioma
2,Training/glioma/Tr-gl_602.png,glioma,glioma
2,Training/glioma/Tr-gl_603.png,glioma,meningioma
2,Training/glioma/Tr-gl_604.png,glioma,glioma
2,Training/glioma/Tr-gl_608.png,glioma,glioma
2,Training/glioma/Tr-gl_612.png,glioma,glioma
2,Training/glioma/Tr-gl_616.png,glioma,glioma
2,Training/glioma/Tr-gl_628.png,glioma,glioma
2,Training/glioma/Tr-gl_630.png,glioma,glioma
2,Training/glioma/Tr-gl_631.png,glioma,glioma
2,Training/glioma/Tr-gl_643.png,glioma,meningioma
2,Training/glioma/Tr-gl_646.png,glioma,meningioma
2,Training/glioma/Tr-gl_651.png,glioma,glioma
2,Training/glioma/Tr-gl_652.png,glioma,glioma
2,Training/glioma/Tr-gl_653.png,glioma,glioma
2,Training/glioma/Tr-gl_670.png,glioma,glioma
2,Training/glioma/Tr-gl_671.png,glioma,glioma
2,Training/glioma/Tr-gl_673.png,glioma,meningioma
2,Training/glioma/Tr-gl_682.png,glioma,glioma
2,Training/glioma/Tr-gl_697.png,glioma,meningioma
2,Training/glioma/Tr-gl_70.png,glioma,glioma
2,Training/glioma/Tr-gl_701.png,glioma,glioma
2,Training/glioma/Tr-gl_708.png,glioma,glioma
2,Training/glioma/Tr-gl_710.png,glioma,glioma
2,Training/glioma/Tr-gl_711.png,glioma,glioma
2,Training/glioma/Tr-gl_712.png,glioma,glioma
2,Training/glioma/Tr-gl_719.png,glioma,glioma
2,Training/glioma/Tr-gl_720.png,glioma,meningioma
2,Training/glioma/Tr-gl_725.png,glioma,meningioma
2,Training/glioma/Tr-gl_741.png,glioma,glioma
2,Training/glioma/Tr-gl_742.png,glioma,glioma
2,Training/glioma/Tr-gl_746.png,glioma,glioma
2,Training/glioma/Tr-gl_748.png,glioma,glioma
2,Training/glioma/Tr-gl_751.png,glioma,meningioma
2,Training/glioma/Tr-gl_758.png,glioma,meningioma
2,Training/glioma/Tr-gl_761.png,glioma,meningioma
2,Training/glioma/Tr-gl_767.png,glioma,glioma
2,Training/glioma/Tr-gl_783.png,glioma,glioma
2,Training/glioma/Tr-gl_791.png,glioma,meningioma
2,Training/glioma/Tr-gl_799.png,glioma,glioma
2,Training/glioma/Tr-gl_804.png,glioma,glioma
2,Training/glioma/Tr-gl_808.png,glioma,glioma
2,Training/glioma/Tr-gl_811.png,glioma,glioma
2,Training/glioma/Tr-gl_813.png,glioma,pituitary
2,Training/glioma/Tr-gl_817.png,glioma,glioma
2,Training/glioma/Tr-gl_820.png,glioma,glioma
2,Training/glioma/Tr-gl_83.png,glioma,glioma
2,Training/glioma/Tr-gl_831.png,glioma,glioma
2,Training/glioma/Tr-gl_84.png,glioma,glioma
2,Training/glioma/Tr-gl_85.png,glioma,pituitary
2,Training/glioma/Tr-gl_853.png,glioma,glioma
2,Training/glioma/Tr-gl_863.png,glioma,glioma
2,Training/glioma/Tr-gl_868.png,glioma,glioma
2,Training/glioma/Tr-gl_87.png,glioma,glioma
2,Training/glioma/Tr-gl_873.png,glioma,glioma
2,Training/glioma/Tr-gl_882.png,glioma,meningioma
2,Training/glioma/Tr-gl_885.png,glioma,glioma
2,Training/glioma/Tr-gl_896.png,glioma,meningioma
2,Training/glioma/Tr-gl_897.png,glioma,glioma
2,Training/glioma/Tr-gl_906.png,glioma,glioma
2,Training/glioma/Tr-gl_907.png,glioma,glioma
2,Training/glioma/Tr-gl_908.png,glioma,glioma
2,Training/glioma/Tr-gl_909.png,glioma,glioma
2,Training/glioma/Tr-gl_914.png,glioma,glioma
2,Training/glioma/Tr-gl_919.png,glioma,glioma
2,Training/glioma/Tr-gl_92.png,glioma,meningioma
2,Training/glioma/Tr-gl_926.png,glioma,pituitary
2,Training/glioma/Tr-gl_928.png,glioma,glioma
2,Training/glioma/Tr-gl_930.png,glioma,glioma
2,Training/glioma/Tr-gl_938.png,glioma,glioma
2,Training/glioma/Tr-gl_947.png,glioma,glioma
2,Training/glioma/Tr-gl_954.png,glioma,glioma
2,Training/glioma/Tr-gl_956.png,glioma,glioma
2,Training/glioma/Tr-gl_970.png,glioma,glioma
2,Training/glioma/Tr-gl_972.png,glioma,glioma
2,Training/glioma/Tr-gl_978.png,glioma,glioma
2,Training/glioma/Tr-gl_982.png,glioma,glioma
2,Training/glioma/Tr-gl_984.png,glioma,glioma
2,Training/glioma/Tr-gl_990.png,glioma,meningioma
2,Training/glioma/Tr-gl_992.png,glioma,glioma
2,Training/meningioma/Tr-aug-me_20.png,meningioma,pituitary
2,Training/meningioma/Tr-aug-me_21.png,meningioma,meningioma
2,Training/meningioma/Tr-aug-me_27.png,meningioma,meningioma
2,Training/meningioma/Tr-aug-me_32.png,meningioma,meningioma
2,Training/meningioma/Tr-aug-me_35.png,meningioma,glioma
2,Training/meningioma/Tr-aug-me_36.png,meningioma,glioma
2,Training/meningioma/Tr-aug-me_37.png,meningioma,meningioma
2,Training/meningioma/Tr-aug-me_39.png,meningioma,meningioma
2,Training/meningioma/Tr-aug-me_43.png,meningioma,pituitary
2,Training/meningioma/Tr-aug-me_45.png,meningioma,meningioma
2,Training/meningioma/Tr-aug-me_47.png,meningioma,pituitary
2,Training/meningioma/Tr-aug-me_50.png,meningioma,pituitary
2,Training/meningioma/Tr-aug-me_54.png,meningioma,pituitary
2,Training/meningioma/Tr-aug-me_56.png,meningioma,meningioma
2,Training/meningioma/Tr-aug-me_59.png,meningioma,pituitary
2,Training/meningioma/Tr-aug-me_6.png,meningioma,meningioma
2,Training/meningioma/Tr-aug-me_60.png,meningioma,meningioma
2,Training/meningioma/Tr-aug-me_64.png,meningioma,meningioma
2,Training/meningioma/Tr-aug-me_72.png,meningioma,meningioma
2,Training/meningioma/Tr-aug-me_77.png,meningioma,meningioma
2,Training/meningioma/Tr-aug-me_78.png,meningioma,meningioma
2,Training/meningioma/Tr-aug-me_8.png,meningioma,meningioma
2,Training/meningioma/Tr-aug-me_80.png,meningioma,meningioma
2,Training/meningioma/Tr-aug-me_86.png,meningioma,meningioma
2,Training/meningioma/Tr-aug-me_90.png,meningioma,meningioma
2,Training/meningioma/Tr-aug-me_93.png,meningioma,meningioma
2,Training/meningioma/Tr-aug-me_94.png,meningioma,notumor
2,Training/meningioma/Tr-me_1.png,meningioma,meningioma
2,Training/meningioma/Tr-me_100.png,meningioma,glioma
2,Training/meningioma/Tr-me_1000.png,meningioma,meningioma
2,Training/meningioma/Tr-me_1003.png,meningioma,meningioma
2,Training/meningioma/Tr-me_1014.png,meningioma,notumor
2,Training/meningioma/Tr-me_1016.png,meningioma,meningioma
2,Training/meningioma/Tr-me_1023.png,meningioma,meningioma
2,Training/meningioma/Tr-me_1025.png,meningioma,meningioma
2,Training/meningioma/Tr-me_1034.png,meningioma,meningioma
2,Training/meningioma/Tr-me_1037.png,meningioma,meningioma
2,Training/meningioma/Tr-me_1038.png,meningioma,glioma
2,Training/meningioma/Tr-me_1043.png,meningioma,meningioma
2,Training/meningioma/Tr-me_1045.png,meningioma,meningioma
2,Training/meningioma/Tr-me_1047.png,meningioma,meningioma
2,Training/meningioma/Tr-me_1057.png,meningioma,notumor
2,Training/meningioma/Tr-me_1061.png,meningioma,meningioma
2,Training/meningioma/Tr-me_1062.png,meningioma,meningioma
2,Training/meningioma/Tr-me_1064.png,meningioma,notumor
2,Training/meningioma/Tr-me_1074.png,meningioma,meningioma
2,Training/meningioma/Tr-me_1075.png,meningioma,meningioma
2,Training/meningioma/Tr-me_1080.png,meningioma,pituitary
2,Training/meningioma/Tr-me_1081.png,meningioma,meningioma
2,Training/meningioma/Tr-me_1088.png,meningioma,pituitary
2,Training/meningioma/Tr-me_1090.png,meningioma,meningioma
2,Training/meningioma/Tr-me_1091.png,meningioma,notumor
2,Training/meningioma/Tr-me_1100.png,meningioma,meningioma
2,Training/meningioma/Tr-me_1105.png,meningioma,meningioma
2,Training/meningioma/Tr-me_111.png,meningioma,meningioma
2,Training/meningioma/Tr-me_1113.png,meningioma,meningioma
2,Training/meningioma/Tr-me_1123.png,meningioma,meningioma
2,Training/meningioma/Tr-me_1132.png,meningioma,meningioma
2,Training/meningioma/Tr-me_1135.png,meningioma,meningioma
2,Training/meningioma/Tr-me_1141.png,meningioma,meningioma
2,Training/meningioma/Tr-me_1143.png,meningioma,meningioma
2,Training/meningioma/Tr-me_1144.png,meningioma,glioma
2,Training/meningioma/Tr-me_1148.png,meningioma,meningioma
2,Training/meningioma/Tr-me_1149.png,meningioma,meningioma
2,Training/meningioma/Tr-me_115.png,meningioma,meningioma
2,Training/meningioma/Tr-me_1153.png,meningioma,meningioma
2,Training/meningioma/Tr-me_1156.png,meningioma,meningioma
2,Training/meningioma/Tr-me_1170.png,meningioma,meningioma
2,Training/meningioma/Tr-me_1171.png,meningioma,glioma
2,Training/meningioma/Tr-me_1172.png,meningioma,meningioma
2,Training/meningioma/Tr-me_1185.png,meningioma,meningioma
2,Training/meningioma/Tr-me_1203.png,meningioma,pituitary
2,Training/meningioma/Tr-me_1210.png,meningioma,pituitary
2,Training/meningioma/Tr-me_1220.png,meningioma,glioma
2,Training/meningioma/Tr-me_1224.png,meningioma,meningioma
2,Training/meningioma/Tr-me_1227.png,meningioma,meningioma
2,Training/meningioma/Tr-me_1229.png,meningioma,meningioma
2,Training/meningioma/Tr-me_1232.png,meningioma,meningioma
2,Training/meningioma/Tr-me_1238.png,meningioma,meningioma
2,Training/meningioma/Tr-me_1240.png,meningioma,meningioma
2,Training/meningioma/Tr-me_1247.png,meningioma,meningioma
2,Training/meningioma/Tr-me_1248.png,meningioma,pituitary
2,Training/meningioma/Tr-me_1251.png,meningioma,meningioma
2,Training/meningioma/Tr-me_1256.png,meningioma,meningioma
2,Training/meningioma/Tr-me_1258.png,meningioma,meningioma
2,Training/meningioma/Tr-me_1259.png,meningioma,meningioma
2,Training/meningioma/Tr-me_1266.png,meningioma,meningioma
2,Training/meningioma/Tr-me_127.png,meningioma,meningioma
2,Training/meningioma/Tr-me_1275.png,meningioma,pituitary
2,Training/meningioma/Tr-me_1278.png,meningioma,pituitary
2,Training/meningioma/Tr-me_1280.png,meningioma,meningioma
2,Training/meningioma/Tr-me_1283.png,meningioma,meningioma
2,Training/meningioma/Tr-me_1293.png,meningioma,meningioma
2,Training/meningioma/Tr-me_133.png,meningioma,meningioma
2,Training/meningioma/Tr-me_137.png,meningioma,meningioma
2,Training/meningioma/Tr-me_145.png,meningioma,notumor
2,Training/meningioma/Tr-me_150.png,meningioma,meningioma
2,Training/meningioma/Tr-me_152.png,meningioma,pituitary
2,Training/meningioma/Tr-me_155.png,meningioma,meningioma
2,Training/meningioma/Tr-me_183.png,meningioma,meningioma
2,Training/meningioma/Tr-me_184.png,meningioma,meningioma
2,Training/meningioma/Tr-me_195.png,meningioma,meningioma
2,Training/meningioma/Tr-me_201.png,meningioma,meningioma
2,Training/meningioma/Tr-me_202.png,meningioma,notumor
2,Training/meningioma/Tr-me_204.png,meningioma,meningioma
2,Training/meningioma/Tr-me_205.png,meningioma,meningioma
2,Training/meningioma/Tr-me_207.png,meningioma,meningioma
2,Training/meningioma/Tr-me_214.png,meningioma,meningioma
2,Training/meningioma/Tr-me_215.png,meningioma,meningioma
2,Training/meningioma/Tr-me_221.png,meningioma,meningioma
2,Training/meningioma/Tr-me_226.png,meningioma,pituitary
2,Training/meningioma/Tr-me_232.png,meningioma,meningioma
2,Training/meningioma/Tr-me_234.png,meningioma,pituitary
2,Training/meningioma/Tr-me_239.png,meningioma,glioma
2,Training/meningioma/Tr-me_245.png,meningioma,meningioma
2,Training/meningioma/Tr-me_248.png,meningioma,meningioma
2,Training/meningioma/Tr-me_255.png,meningioma,meningioma
2,Training/meningioma/Tr-me_261.png,meningioma,meningioma
2,Training/meningioma/Tr-me_27.png,meningioma,glioma
2,Training/meningioma/Tr-me_271.png,meningioma,meningioma
2,Training/meningioma/Tr-me_272.png,meningioma,meningioma
2,Training/meningioma/Tr-me_275.png,meningioma,meningioma
2,Training/meningioma/Tr-me_276.png,meningioma,glioma
2,Training/meningioma/Tr-me_279.png,meningioma,meningioma
2,Training/meningioma/Tr-me_28.png,meningioma,glioma
2,Training/meningioma/Tr-me_284.png,meningioma,meningioma
2,Training/meningioma/Tr-me_287.png,meningioma,meningioma
2,Training/meningioma/Tr-me_289.png,meningioma,notumor
2,Training/meningioma/Tr-me_291.png,meningioma,glioma
2,Training/meningioma/Tr-me_297.png,meningioma,meningioma
2,Training/meningioma/Tr-me_298.png,meningioma,meningioma
2,Training/meningioma/Tr-me_299.png,meningioma,meningioma
2,Training/meningioma/Tr-me_300.png,meningioma,meningioma
2,Training/meningioma/Tr-me_301.png,meningioma,glioma
2,Training/meningioma/Tr-me_306.png,meningioma,meningioma
2,Training/meningioma/Tr-me_319.png,meningioma,meningioma
2,Training/meningioma/Tr-me_332.png,meningioma,meningioma
2,Training/meningioma/Tr-me_337.png,meningioma,meningioma
2,Training/meningioma/Tr-me_338.png,meningioma,meningioma
2,Training/meningioma/Tr-me_341.png,meningioma,meningioma
2,Training/meningioma/Tr-me_343.png,meningioma,pituitary
2,Training/meningioma/Tr-me_344.png,meningioma,pituitary
2,Training/meningioma/Tr-me_348.png,meningioma,pituitary
2,Training/meningioma/Tr-me_359.png,meningioma,meningioma
2,Training/meningioma/Tr-me_363.png,meningioma,meningioma
2,Training/meningioma/Tr-me_37.png,meningioma,meningioma
2,Training/meningioma/Tr-me_388.png,meningioma,meningioma
2,Training/meningioma/Tr-me_389.png,meningioma,meningioma
2,Training/meningioma/Tr-me_392.png,meningioma,meningioma
2,Training/meningioma/Tr-me_393.png,meningioma,glioma
2,Training/meningioma/Tr-me_403.png,meningioma,meningioma
2,Training/meningioma/Tr-me_406.png,meningioma,meningioma
2,Training/meningioma/Tr-me_420.png,meningioma,meningioma
2,Training/meningioma/Tr-me_423.png,meningioma,meningioma
2,Training/meningioma/Tr-me_425.png,meningioma,meningioma
2,Training/meningioma/Tr-me_434.png,meningioma,meningioma
2,Training/meningioma/Tr-me_437.png,meningioma,pituitary
2,Training/meningioma/Tr-me_438.png,meningioma,meningioma
2,Training/meningioma/Tr-me_439.png,meningioma,meningioma
2,Training/meningioma/Tr-me_44.png,meningioma,meningioma
2,Training/meningioma/Tr-me_442.png,meningioma,meningioma
2,Training/meningioma/Tr-me_451.png,meningioma,meningioma
2,Training/meningioma/Tr-me_46.png,meningioma,meningioma
2,Training/meningioma/Tr-me_463.png,meningioma,meningioma
2,Training/meningioma/Tr-me_464.png,meningioma,meningioma
2,Training/meningioma/Tr-me_473.png,meningioma,meningioma
2,Training/meningioma/Tr-me_475.png,meningioma,pituitary
2,Training/meningioma/Tr-me_48.png,meningioma,pituitary
2,Training/meningioma/Tr-me_484.png,meningioma,glioma
2,Training/meningioma/Tr-me_489.png,meningioma,meningioma
2,Training/meningioma/Tr-me_503.png,meningioma,glioma
2,Training/meningioma/Tr-me_510.png,meningioma,meningioma
2,Training/meningioma/Tr-me_516.png,meningioma,meningioma
2,Training/meningioma/Tr-me_528.png,meningioma,meningioma
2,Training/meningioma/Tr-me_529.png,meningioma,glioma
2,Training/meningioma/Tr-me_53.png,meningioma,meningioma
2,Training/meningioma/Tr-me_533.png,meningioma,meningioma
2,Training/meningioma/Tr-me_538.png,meningioma,meningioma
2,Training/meningioma/Tr-me_540.png,meningioma,meningioma
2,Training/meningioma/Tr-me_543.png,meningioma,meningioma
2,Training/meningioma/Tr-me_546.png,meningioma,pituitary
2,Training/meningioma/Tr-me_547.png,meningioma,meningioma
2,Training/meningioma/Tr-me_560.png,meningioma,meningioma
2,Training/meningioma/Tr-me_568.png,meningioma,meningioma
2,Training/meningioma/Tr-me_573.png,meningioma,pituitary
2,Training/meningioma/Tr-me_576.png,meningioma,meningioma
2,Training/meningioma/Tr-me_584.png,meningioma,meningioma
2,Training/meningioma/Tr-me_587.png,meningioma,meningioma
2,Training/meningioma/Tr-me_589.png,meningioma,meningioma
2,Training/meningioma/Tr-me_59.png,meningioma,meningioma
2,Training/meningioma/Tr-me_596.png,meningioma,glioma
2,Training/meningioma/Tr-me_599.png,meningioma,meningioma
2,Training/meningioma/Tr-me_6.png,meningioma,meningioma
2,Training/meningioma/Tr-me_604.png,meningioma,meningioma
2,Training/meningioma/Tr-me_614.png,meningioma,meningioma
2,Training/meningioma/Tr-me_617.png,meningioma,meningioma
2,Training/meningioma/Tr-me_620.png,meningioma,meningioma
2,Training/meningioma/Tr-me_621.png,meningioma,meningioma
2,Training/meningioma/Tr-me_635.png,meningioma,meningioma
2,Training/meningioma/Tr-me_64.png,meningioma,meningioma
2,Training/meningioma/Tr-me_645.png,meningioma,glioma
2,Training/meningioma/Tr-me_647.png,meningioma,glioma
2,Training/meningioma/Tr-me_648.png,meningioma,meningioma
2,Training/meningioma/Tr-me_65.png,meningioma,meningioma
2,Training/meningioma/Tr-me_651.png,meningioma,glioma
2,Training/meningioma/Tr-me_66.png,meningioma,meningioma
2,Training/meningioma/Tr-me_660.png,meningioma,meningioma
2,Training/meningioma/Tr-me_669.png,meningioma,glioma
2,Training/meningioma/Tr-me_673.png,meningioma,meningioma
2,Training/meningioma/Tr-me_677.png,meningioma,meningioma
2,Training/meningioma/Tr-me_684.png,meningioma,notumor
2,Training/meningioma/Tr-me_689.png,meningioma,meningioma
2,Training/meningioma/Tr-me_69.png,meningioma,meningioma
2,Training/meningioma/Tr-me_692.png,meningioma,meningioma
2,Training/meningioma/Tr-me_693.png,meningioma,meningioma
2,Training/meningioma/Tr-me_695.png,meningioma,meningioma
2,Training/meningioma/Tr-me_706.png,meningioma,notumor
2,Training/meningioma/Tr-me_708.png,meningioma,meningioma
2,Training/meningioma/Tr-me_713.png,meningioma,glioma
2,Training/meningioma/Tr-me_717.png,meningioma,meningioma
2,Training/meningioma/Tr-me_721.png,meningioma,pituitary
2,Training/meningioma/Tr-me_722.png,meningioma,meningioma
2,Training/meningioma/Tr-me_754.png,meningioma,meningioma
2,Training/meningioma/Tr-me_759.png,meningioma,glioma
2,Training/meningioma/Tr-me_760.png,meningioma,meningioma
2,Training/meningioma/Tr-me_762.png,meningioma,meningioma
2,Training/meningioma/Tr-me_768.png,meningioma,meningioma
2,Training/meningioma/Tr-me_770.png,meningioma,meningioma
2,Training/meningioma/Tr-me_773.png,meningioma,meningioma
2,Training/meningioma/Tr-me_777.png,meningioma,meningioma
2,Training/meningioma/Tr-me_780.png,meningioma,meningioma
2,Training/meningioma/Tr-me_782.png,meningioma,glioma
2,Training/meningioma/Tr-me_785.png,meningioma,meningioma
2,Training/meningioma/Tr-me_792.png,meningioma,glioma
2,Training/meningioma/Tr-me_805.png,meningioma,meningioma
2,Training/meningioma/Tr-me_807.png,meningioma,meningioma
2,Training/meningioma/Tr-me_81.png,meningioma,meningioma
2,Training/meningioma/Tr-me_817.png,meningioma,meningioma
2,Training/meningioma/Tr-me_818.png,meningioma,pituitary
2,Training/meningioma/Tr-me_821.png,meningioma,meningioma
2,Training/meningioma/Tr-me_824.png,meningioma,notumor
2,Training/meningioma/Tr-me_827.png,meningioma,pituitary
2,Training/meningioma/Tr-me_830.png,meningioma,meningioma
2,Training/meningioma/Tr-me_832.png,meningioma,meningioma
2,Training/meningioma/Tr-me_836.png,meningioma,meningioma
2,Training/meningioma/Tr-me_841.png,meningioma,meningioma
2,Training/meningioma/Tr-me_846.png,meningioma,notumor
2,Training/meningioma/Tr-me_849.png,meningioma,meningioma
2,Training/meningioma/Tr-me_850.png,meningioma,pituitary
2,Training/meningioma/Tr-me_853.png,meningioma,meningioma
2,Training/meningioma/Tr-me_857.png,meningioma,meningioma
2,Training/meningioma/Tr-me_862.png,meningioma,notumor
2,Training/meningioma/Tr-me_863.png,meningioma,meningioma
2,Training/meningioma/Tr-me_870.png,meningioma,meningioma
2,Training/meningioma/Tr-me_872.png,meningioma,meningioma
2,Training/meningioma/Tr-me_874.png,meningioma,glioma
2,Training/meningioma/Tr-me_875.png,meningioma,pituitary
2,Training/meningioma/Tr-me_879.png,meningioma,meningioma
2,Training/meningioma/Tr-me_881.png,meningioma,meningioma
2,Training/meningioma/Tr-me_888.png,meningioma,meningioma
2,Training/meningioma/Tr-me_897.png,meningioma,meningioma
2,Training/meningioma/Tr-me_90.png,meningioma,meningioma
2,Training/meningioma/Tr-me_908.png,meningioma,meningioma
2,Training/meningioma/Tr-me_917.png,meningioma,meningioma
2,Training/meningioma/Tr-me_928.png,meningioma,meningioma
2,Training/meningioma/Tr-me_935.png,meningioma,meningioma
2,Training/meningioma/Tr-me_959.png,meningioma,glioma
2,Training/meningioma/Tr-me_962.png,meningioma,meningioma
2,Training/meningioma/Tr-me_963.png,meningioma,meningioma
2,Training/meningioma/Tr-me_965.png,meningioma,meningioma
2,Training/meningioma/Tr-me_966.png,meningioma,meningioma
2,Training/meningioma/Tr-me_97.png,meningioma,meningioma
2,Training/meningioma/Tr-me_970.png,meningioma,meningioma
2,Training/meningioma/Tr-me_974.png,meningioma,meningioma
2,Training/meningioma/Tr-me_98.png,meningioma,meningioma
2,Training/meningioma/Tr-me_980.png,meningioma,meningioma
2,Training/meningioma/Tr-me_989.png,meningioma,meningioma
2,Training/meningioma/Tr-me_99.png,meningioma,notumor
2,Training/meningioma/Tr-me_992.png,meningioma,meningioma
2,Training/meningioma/Tr-me_995.png,meningioma,meningioma
2,Training/notumor/Tr-no_1.png,notumor,notumor
2,Training/notumor/Tr-no_1008.png,notumor,notumor
2,Training/notumor/Tr-no_101.png,notumor,notumor
2,Training/notumor/Tr-no_1014.png,notumor,notumor
2,Training/notumor/Tr-no_1016.png,notumor,notumor
2,Training/notumor/Tr-no_1017.png,notumor,notumor
2,Training/notumor/Tr-no_1024.png,notumor,meningioma
2,Training/notumor/Tr-no_1027.png,notumor,notumor
2,Training/notumor/Tr-no_1030.png,notumor,notumor
2,Training/notumor/Tr-no_1035.png,notumor,notumor
2,Training/notumor/Tr-no_104.png,notumor,notumor
2,Training/notumor/Tr-no_1048.png,notumor,notumor
2,Training/notumor/Tr-no_1054.png,notumor,notumor
2,Training/notumor/Tr-no_1056.png,notumor,notumor
2,Training/notumor/Tr-no_1061.png,notumor,notumor
2,Training/notumor/Tr-no_1065.png,notumor,notumor
2,Training/notumor/Tr-no_1068.png,notumor,notumor
2,Training/notumor/Tr-no_1074.png,notumor,notumor
2,Training/notumor/Tr-no_1080.png,notumor,notumor
2,Training/notumor/Tr-no_1081.png,notumor,notumor
2,Training/notumor/Tr-no_1082.png,notumor,notumor
2,Training/notumor/Tr-no_109.png,notumor,notumor
2,Training/notumor/Tr-no_1097.png,notumor,pituitary
2,Training/notumor/Tr-no_1102.png,notumor,notumor
2,Training/notumor/Tr-no_1105.png,notumor,notumor
2,Training/notumor/Tr-no_1107.png,notumor,notumor
2,Training/notumor/Tr-no_1114.png,notumor,notumor
2,Training/notumor/Tr-no_1115.png,notumor,notumor
2,Training/notumor/Tr-no_1118.png,notumor,notumor
2,Training/notumor/Tr-no_1121.png,notumor,notumor
2,Training/notumor/Tr-no_1124.png,notumor,notumor
2,Training/notumor/Tr-no_1128.png,notumor,notumor
2,Training/notumor/Tr-no_1129.png,notumor,notumor
2,Training/notumor/Tr-no_1130.png,notumor,notumor
2,Training/notumor/Tr-no_1140.png,notumor,notumor
2,Training/notumor/Tr-no_1144.png,notumor,notumor
2,Training/notumor/Tr-no_1169.png,notumor,notumor
2,Training/notumor/Tr-no_1175.png,notumor,notumor
2,Training/notumor/Tr-no_1186.png,notumor,notumor
2,Training/notumor/Tr-no_1191.png,notumor,notumor
2,Training/notumor/Tr-no_1194.png,notumor,notumor
2,Training/notumor/Tr-no_1199.png,notumor,notumor
2,Training/notumor/Tr-no_1201.png,notumor,notumor
2,Training/notumor/Tr-no_1209.png,notumor,notumor
2,Training/notumor/Tr-no_121.png,notumor,notumor
2,Training/notumor/Tr-no_1211.png,notumor,notumor
2,Training/notumor/Tr-no_1214.png,notumor,notumor
2,Training/notumor/Tr-no_1215.png,notumor,notumor
2,Training/notumor/Tr-no_1219.png,notumor,notumor
2,Training/notumor/Tr-no_122.png,notumor,notumor
2,Training/notumor/Tr-no_1225.png,notumor,notumor
2,Training/notumor/Tr-no_1227.png,notumor,notumor
2,Training/notumor/Tr-no_1232.png,notumor,notumor
2,Training/notumor/Tr-no_1233.png,notumor,notumor
2,Training/notumor/Tr-no_1238.png,notumor,notumor
2,Training/notumor/Tr-no_1241.png,notumor,notumor
2,Training/notumor/Tr-no_125.png,notumor,notumor
2,Training/notumor/Tr-no_1250.png,notumor,notumor
2,Training/notumor/Tr-no_1261.png,notumor,notumor
2,Training/notumor/Tr-no_1262.png,notumor,notumor
2,Training/notumor/Tr-no_1265.png,notumor,notumor
2,Training/notumor/Tr-no_1278.png,notumor,notumor
2,Training/notumor/Tr-no_1280.png,notumor,notumor
2,Training/notumor/Tr-no_1299.png,notumor,notumor
2,Training/notumor/Tr-no_13.png,notumor,notumor
2,Training/notumor/Tr-no_1307.png,notumor,notumor
2,Training/notumor/Tr-no_1308.png,notumor,notumor
2,Training/notumor/Tr-no_1312.png,notumor,notumor
2,Training/notumor/Tr-no_1314.png,notumor,notumor
2,Training/notumor/Tr-no_1316.png,notumor,notumor
2,Training/notumor/Tr-no_1323.png,notumor,notumor
2,Training/notumor/Tr-no_1328.png,notumor,notumor
2,Training/notumor/Tr-no_1330.png,notumor,notumor
2,Training/notumor/Tr-no_1336.png,notumor,notumor
2,Training/notumor/Tr-no_134.png,notumor,notumor
2,Training/notumor/Tr-no_1345.png,notumor,notumor
2,Training/notumor/Tr-no_1355.png,notumor,notumor
2,Training/notumor/Tr-no_1356.png,notumor,notumor
2,Training/notumor/Tr-no_136.png,notumor,notumor
2,Training/notumor/Tr-no_1360.png,notumor,notumor
2,Training/notumor/Tr-no_1361.png,notumor,notumor
2,Training/notumor/Tr-no_1367.png,notumor,notumor
2,Training/notumor/Tr-no_1369.png,notumor,notumor
2,Training/notumor/Tr-no_1370.png,notumor,notumor
2,Training/notumor/Tr-no_1371.png,notumor,notumor
2,Training/notumor/Tr-no_1389.png,notumor,notumor
2,Training/notumor/Tr-no_1395.png,notumor,notumor
2,Training/notumor/Tr-no_1398.png,notumor,notumor
2,Training/notumor/Tr-no_142.png,notumor,notumor
2,Training/notumor/Tr-no_144.png,notumor,notumor
2,Training/notumor/Tr-no_146.png,notumor,notumor
2,Training/notumor/Tr-no_151.png,notumor,notumor
2,Training/notumor/Tr-no_152.png,notumor,notumor
2,Training/notumor/Tr-no_155.png,notumor,meningioma
2,Training/notumor/Tr-no_158.png,notumor,notumor
2,Training/notumor/Tr-no_16.png,notumor,notumor
2,Training/notumor/Tr-no_163.png,notumor,notumor
2,Training/notumor/Tr-no_166.png,notumor,notumor
2,Training/notumor/Tr-no_173.png,notumor,notumor
2,Training/notumor/Tr-no_178.png,notumor,notumor
2,Training/notumor/Tr-no_180.png,notumor,notumor
2,Training/notumor/Tr-no_187.png,notumor,notumor
2,Training/notumor/Tr-no_191.png,notumor,notumor
2,Training/notumor/Tr-no_196.png,notumor,notumor
2,Training/notumor/Tr-no_201.png,notumor,notumor
2,Training/notumor/Tr-no_205.png,notumor,notumor
2,Training/notumor/Tr-no_208.png,notumor,notumor
2,Training/notumor/Tr-no_216.png,notumor,notumor
2,Training/notumor/Tr-no_220.png,notumor,notumor
2,Training/notumor/Tr-no_222.png,notumor,notumor
2,Training/notumor/Tr-no_223.png,notumor,notumor
2,Training/notumor/Tr-no_224.png,notumor,notumor
2,Training/notumor/Tr-no_225.png,notumor,notumor
2,Training/notumor/Tr-no_230.png,notumor,notumor
2,Training/notumor/Tr-no_238.png,notumor,notumor
2,Training/notumor/Tr-no_256.png,notumor,notumor
2,Training/notumor/Tr-no_261.png,notumor,glioma
2,Training/notumor/Tr-no_265.png,notumor,notumor
2,Training/notumor/Tr-no_269.png,notumor,notumor
2,Training/notumor/Tr-no_279.png,notumor,notumor
2,Training/notumor/Tr-no_28.png,notumor,notumor
2,Training/notumor/Tr-no_281.png,notumor,notumor
2,Training/notumor/Tr-no_299.png,notumor,notumor
2,Training/notumor/Tr-no_302.png,notumor,notumor
2,Training/notumor/Tr-no_308.png,notumor,notumor
2,Training/notumor/Tr-no_316.png,notumor,notumor
2,Training/notumor/Tr-no_324.png,notumor,notumor
2,Training/notumor/Tr-no_327.png,notumor,notumor
2,Training/notumor/Tr-no_332.png,notumor,notumor
2,Training/notumor/Tr-no_334.png,notumor,notumor
2,Training/notumor/Tr-no_34.png,notumor,notumor
2,Training/notumor/Tr-no_340.png,notumor,notumor
2,Training/notumor/Tr-no_349.png,notumor,notumor
2,Training/notumor/Tr-no_357.png,notumor,notumor
2,Training/notumor/Tr-no_358.png,notumor,notumor
2,Training/notumor/Tr-no_368.png,notumor,notumor
2,Training/notumor/Tr-no_371.png,notumor,notumor
2,Training/notumor/Tr-no_383.png,notumor,notumor
2,Training/notumor/Tr-no_384.png,notumor,notumor
2,Training/notumor/Tr-no_390.png,notumor,notumor
2,Training/notumor/Tr-no_4.png,notumor,notumor
2,Training/notumor/Tr-no_401.png,notumor,notumor
2,Training/notumor/Tr-no_409.png,notumor,notumor
2,Training/notumor/Tr-no_410.png,notumor,notumor
2,Training/notumor/Tr-no_412.png,notumor,notumor
2,Training/notumor/Tr-no_415.png,notumor,notumor
2,Training/notumor/Tr-no_423.png,notumor,notumor
2,Training/notumor/Tr-no_424.png,notumor,notumor
2,Training/notumor/Tr-no_43.png,notumor,notumor
2,Training/notumor/Tr-no_431.png,notumor,notumor
2,Training/notumor/Tr-no_435.png,notumor,notumor
2,Training/notumor/Tr-no_440.png,notumor,notumor
2,Training/notumor/Tr-no_446.png,notumor,notumor
2,Training/notumor/Tr-no_450.png,notumor,notumor
2,Training/notumor/Tr-no_452.png,notumor,notumor
2,Training/notumor/Tr-no_453.png,notumor,notumor
2,Training/notumor/Tr-no_455.png,notumor,notumor
2,Training/notumor/Tr-no_457.png,notumor,meningioma
2,Training/notumor/Tr-no_473.png,notumor,notumor
2,Training/notumor/Tr-no_478.png,notumor,notumor
2,Training/notumor/Tr-no_479.png,notumor,notumor
2,Training/notumor/Tr-no_482.png,notumor,notumor
2,Training/notumor/Tr-no_485.png,notumor,notumor
2,Training/notumor/Tr-no_49.png,notumor,notumor
2,Training/notumor/Tr-no_500.png,notumor,notumor
2,Training/notumor/Tr-no_505.png,notumor,notumor
2,Training/notumor/Tr-no_510.png,notumor,notumor
2,Training/notumor/Tr-no_517.png,notumor,notumor
2,Training/notumor/Tr-no_520.png,notumor,notumor
2,Training/notumor/Tr-no_521.png,notumor,notumor
2,Training/notumor/Tr-no_537.png,notumor,notumor
2,Training/notumor/Tr-no_54.png,notumor,notumor
2,Training/notumor/Tr-no_55.png,notumor,notumor
2,Training/notumor/Tr-no_553.png,notumor,notumor
2,Training/notumor/Tr-no_555.png,notumor,notumor
2,Training/notumor/Tr-no_560.png,notumor,notumor
2,Training/notumor/Tr-no_578.png,notumor,notumor
2,Training/notumor/Tr-no_591.png,notumor,notumor
2,Training/notumor/Tr-no_592.png,notumor,notumor
2,Training/notumor/Tr-no_60.png,notumor,notumor
2,Training/notumor/Tr-no_600.png,notumor,notumor
2,Training/notumor/Tr-no_602.png,notumor,meningioma
2,Training/notumor/Tr-no_604.png,notumor,notumor
2,Training/notumor/Tr-no_606.png,notumor,notumor
2,Training/notumor/Tr-no_609.png,notumor,notumor
2,Training/notumor/Tr-no_612.png,notumor,notumor
2,Training/notumor/Tr-no_613.png,notumor,notumor
2,Training/notumor/Tr-no_620.png,notumor,notumor
2,Training/notumor/Tr-no_623.png,notumor,notumor
2,Training/notumor/Tr-no_624.png,notumor,notumor
2,Training/notumor/Tr-no_631.png,notumor,notumor
2,Training/notumor/Tr-no_637.png,notumor,notumor
2,Training/notumor/Tr-no_646.png,notumor,notumor
2,Training/notumor/Tr-no_650.png,notumor,notumor
2,Training/notumor/Tr-no_66.png,notumor,notumor
2,Training/notumor/Tr-no_660.png,notumor,notumor
2,Training/notumor/Tr-no_661.png,notumor,notumor
2,Training/notumor/Tr-no_663.png,notumor,notumor
2,Training/notumor/Tr-no_668.png,notumor,notumor
2,Training/notumor/Tr-no_671.png,notumor,notumor
2,Training/notumor/Tr-no_677.png,notumor,notumor
2,Training/notumor/Tr-no_68.png,notumor,notumor
2,Training/notumor/Tr-no_682.png,notumor,notumor
2,Training/notumor/Tr-no_683.png,notumor,notumor
2,Training/notumor/Tr-no_688.png,notumor,notumor
2,Training/notumor/Tr-no_697.png,notumor,notumor
2,Training/notumor/Tr-no_7.png,notumor,meningioma
2,Training/notumor/Tr-no_708.png,notumor,notumor
2,Training/notumor/Tr-no_715.png,notumor,notumor
2,Training/notumor/Tr-no_718.png,notumor,notumor
2,Training/notumor/Tr-no_722.png,notumor,notumor
2,Training/notumor/Tr-no_726.png,notumor,notumor
2,Training/notumor/Tr-no_73.png,notumor,notumor
2,Training/notumor/Tr-no_731.png,notumor,notumor
2,Training/notumor/Tr-no_738.png,notumor,notumor
2,Training/notumor/Tr-no_742.png,notumor,notumor
2,Training/notumor/Tr-no_745.png,notumor,notumor
2,Training/notumor/Tr-no_747.png,notumor,notumor
2,Training/notumor/Tr-no_749.png,notumor,notumor
2,Training/notumor/Tr-no_752.png,notumor,notumor
2,Training/notumor/Tr-no_753.png,notumor,notumor
2,Training/notumor/Tr-no_763.png,notumor,notumor
2,Training/notumor/Tr-no_764.png,notumor,notumor
2,Training/notumor/Tr-no_772.png,notumor,notumor
2,Training/notumor/Tr-no_778.png,notumor,notumor
2,Training/notumor/Tr-no_779.png,notumor,notumor
2,Training/notumor/Tr-no_781.png,notumor,notumor
2,Training/notumor/Tr-no_784.png,notumor,notumor
2,Training/notumor/Tr-no_789.png,notumor,notumor
2,Training/notumor/Tr-no_791.png,notumor,notumor
2,Training/notumor/Tr-no_792.png,notumor,notumor
2,Training/notumor/Tr-no_793.png,notumor,notumor
2,Training/notumor/Tr-no_796.png,notumor,pituitary
2,Training/notumor/Tr-no_798.png,notumor,notumor
2,Training/notumor/Tr-no_801.png,notumor,notumor
2,Training/notumor/Tr-no_805.png,notumor,notumor
2,Training/notumor/Tr-no_808.png,notumor,notumor
2,Training/notumor/Tr-no_811.png,notumor,notumor
2,Training/notumor/Tr-no_816.png,notumor,notumor
2,Training/notumor/Tr-no_821.png,notumor,notumor
2,Training/notumor/Tr-no_823.png,notumor,notumor
2,Training/notumor/Tr-no_824.png,notumor,notumor
2,Training/notumor/Tr-no_829.png,notumor,notumor
2,Training/notumor/Tr-no_838.png,notumor,notumor
2,Training/notumor/Tr-no_846.png,notumor,notumor
2,Training/notumor/Tr-no_847.png,notumor,notumor
2,Training/notumor/Tr-no_850.png,notumor,notumor
2,Training/notumor/Tr-no_853.png,notumor,notumor
2,Training/notumor/Tr-no_854.png,notumor,notumor
2,Training/notumor/Tr-no_856.png,notumor,notumor
2,Training/notumor/Tr-no_862.png,notumor,notumor
2,Training/notumor/Tr-no_863.png,notumor,notumor
2,Training/notumor/Tr-no_864.png,notumor,notumor
2,Training/notumor/Tr-no_867.png,notumor,notumor
2,Training/notumor/Tr-no_87.png,notumor,notumor
2,Training/notumor/Tr-no_870.png,notumor,notumor
2,Training/notumor/Tr-no_878.png,notumor,notumor
2,Training/notumor/Tr-no_882.png,notumor,notumor
2,Training/notumor/Tr-no_887.png,notumor,notumor
2,Training/notumor/Tr-no_897.png,notumor,notumor
2,Training/notumor/Tr-no_90.png,notumor,notumor
2,Training/notumor/Tr-no_910.png,notumor,notumor
2,Training/notumor/Tr-no_920.png,notumor,notumor
2,Training/notumor/Tr-no_935.png,notumor,notumor
2,Training/notumor/Tr-no_936.png,notumor,notumor
2,Training/notumor/Tr-no_948.png,notumor,notumor
2,Training/notumor/Tr-no_95.png,notumor,notumor
2,Training/notumor/Tr-no_952.png,notumor,notumor
2,Training/notumor/Tr-no_955.png,notumor,notumor
2,Training/notumor/Tr-no_957.png,notumor,notumor
2,Training/notumor/Tr-no_959.png,notumor,notumor
2,Training/notumor/Tr-no_962.png,notumor,notumor
2,Training/notumor/Tr-no_966.png,notumor,notumor
2,Training/notumor/Tr-no_969.png,notumor,notumor
2,Training/notumor/Tr-no_97.png,notumor,notumor
2,Training/notumor/Tr-no_972.png,notumor,notumor
2,Training/notumor/Tr-no_974.png,notumor,notumor
2,Training/notumor/Tr-no_977.png,notumor,notumor
2,Training/notumor/Tr-no_986.png,notumor,notumor
2,Training/notumor/Tr-no_997.png,notumor,notumor
2,Training/pituitary/Tr-pi_1001.png,pituitary,pituitary
2,Training/pituitary/Tr-pi_1004.png,pituitary,pituitary
2,Training/pituitary/Tr-pi_1012.png,pituitary,pituitary
2,Training/pituitary/Tr-pi_1014.png,pituitary,pituitary
2,Training/pituitary/Tr-pi_1017.png,pituitary,pituitary
2,Training/pituitary/Tr-pi_1020.png,pituitary,pituitary
2,Training/pituitary/Tr-pi_1021.png,pituitary,pituitary
2,Training/pituitary/Tr-pi_1025.png,pituitary,meningioma
2,Training/pituitary/Tr-pi_1029.png,pituitary,pituitary
2,Training/pituitary/Tr-pi_103.png,pituitary,pituitary
2,Training/pituitary/Tr-pi_1031.png,pituitary,pituitary
2,Training/pituitary/Tr-pi_1033.png,pituitary,meningioma
2,Training/pituitary/Tr-pi_1035.png,pituitary,pituitary
2,Training/pituitary/Tr-pi_1038.png,pituitary,pituitary
2,Training/pituitary/Tr-pi_1039.png,pituitary,pituitary
2,Training/pituitary/Tr-pi_1041.png,pituitary,pituitary
2,Training/pituitary/Tr-pi_1042.png,pituitary,pituitary
2,Training/pituitary/Tr-pi_1047.png,pituitary,meningioma
2,Training/pituitary/Tr-pi_105.png,pituitary,pituitary
2,Training/pituitary/Tr-pi_1052.png,pituitary,pituitary
2,Training/pituitary/Tr-pi_1053.png,pituitary,pituitary
2,Training/pituitary/Tr-pi_1054.png,pituitary,pituitary
2,Training/pituitary/Tr-pi_1058.png,pituitary,pituitary
2,Training/pituitary/Tr-pi_1063.png,pituitary,pituitary
2,Training/pituitary/Tr-pi_1064.png,pituitary,pituitary
2,Training/pituitary/Tr-pi_1066.png,pituitary,pituitary
2,Training/pituitary/Tr-pi_1068.png,pituitary,pituitary
2,Training/pituitary/Tr-pi_1070.png,pituitary,glioma
2,Training/pituitary/Tr-pi_1076.png,pituitary,pituitary
2,Training/pituitary/Tr-pi_1087.png,pituitary,pituitary
2,Training/pituitary/Tr-pi_1088.png,pituitary,pituitary
2,Training/pituitary/Tr-pi_1089.png,pituitary,pituitary
2,Training/pituitary/Tr-pi_1100.png,pituitary,pituitary
2,Training/pituitary/Tr-pi_1101.png,pituitary,pituitary
2,Training/pituitary/Tr-pi_1102.png,pituitary,glioma
2,Training/pituitary/Tr-pi_111.png,pituitary,pituitary
2,Training/pituitary/Tr-pi_1110.png,pituitary,pituitary
2,Training/pituitary/Tr-pi_1114.png,pituitary,pituitary
2,Training/pituitary/Tr-pi_1120.png,pituitary,pituitary
2,Training/pituitary/Tr-pi_1124.png,pituitary,pituitary
2,Training/pituitary/Tr-pi_1126.png,pituitary,pituitary
2,Training/pituitary/Tr-pi_1127.png,pituitary,pituitary
2,Training/pituitary/Tr-pi_1133.png,pituitary,pituitary
2,Training/pituitary/Tr-pi_1134.png,pituitary,pituitary
2,Training/pituitary/Tr-pi_1137.png,pituitary,meningioma
2,Training/pituitary/Tr-pi_115.png,pituitary,pituitary
2,Training/pituitary/Tr-pi_1151.png,pituitary,pituitary
2,Training/pituitary/Tr-pi_1157.png,pituitary,pituitary
2,Training/pituitary/Tr-pi_1159.png,pituitary,pituitary
2,Training/pituitary/Tr-pi_1164.png,pituitary,pituitary
2,Training/pituitary/Tr-pi_1170.png,pituitary,pituitary
2,Training/pituitary/Tr-pi_1176.png,pituitary,pituitary
2,Training/pituitary/Tr-pi_1179.png,pituitary,pituitary
2,Training/pituitary/Tr-pi_1183.png,pituitary,pituitary
2,Training/pituitary/Tr-pi_1184.png,pituitary,pituitary
2,Training/pituitary/Tr-pi_1192.png,pituitary,pituitary
2,Training/pituitary/Tr-pi_1194.png,pituitary,pituitary
2,Training/pituitary/Tr-pi_1198.png,pituitary,pituitary
2,Training/pituitary/Tr-pi_1200.png,pituitary,pituitary
2,Training/pituitary/Tr-pi_1203.png,pituitary,pituitary
2,Training/pituitary/Tr-pi_1205.png,pituitary,pituitary
2,Training/pituitary/Tr-pi_1209.png,pituitary,notumor
2,Training/pituitary/Tr-pi_121.png,pituitary,pituitary
2,Training/pituitary/Tr-pi_1214.png,pituitary,meningioma
2,Training/pituitary/Tr-pi_1236.png,pituitary,pituitary
2,Training/pituitary/Tr-pi_1246.png,pituitary,pituitary
2,Training/pituitary/Tr-pi_1247.png,pituitary,glioma
2,Training/pituitary/Tr-pi_1255.png,pituitary,pituitary
2,Training/pituitary/Tr-pi_1261.png,pituitary,pituitary
2,Training/pituitary/Tr-pi_1262.png,pituitary,pituitary
2,Training/pituitary/Tr-pi_1269.png,pituitary,pituitary
2,Training/pituitary/Tr-pi_1273.png,pituitary,pituitary
2,Training/pituitary/Tr-pi_1279.png,pituitary,pituitary
2,Training/pituitary/Tr-pi_1281.png,pituitary,pituitary
2,Training/pituitary/Tr-pi_1286.png,pituitary,pituitary
2,Training/pituitary/Tr-pi_1288.png,pituitary,pituitary
2,Training/pituitary/Tr-pi_1299.png,pituitary,pituitary
2,Training/pituitary/Tr-pi_1308.png,pituitary,pituitary
2,Training/pituitary/Tr-pi_1311.png,pituitary,pituitary
2,Training/pituitary/Tr-pi_1312.png,pituitary,pituitary
2,Training/pituitary/Tr-pi_1315.png,pituitary,pituitary
2,Training/pituitary/Tr-pi_1326.png,pituitary,pituitary
2,Training/pituitary/Tr-pi_1330.png,pituitary,pituitary
2,Training/pituitary/Tr-pi_1331.png,pituitary,meningioma
2,Training/pituitary/Tr-pi_1332.png,pituitary,pituitary
2,Training/pituitary/Tr-pi_1333.png,pituitary,pituitary
2,Training/pituitary/Tr-pi_1334.png,pituitary,pituitary
2,Training/pituitary/Tr-pi_1338.png,pituitary,pituitary
2,Training/pituitary/Tr-pi_1339.png,pituitary,pituitary
2,Training/pituitary/Tr-pi_1350.png,pituitary,pituitary
2,Training/pituitary/Tr-pi_1352.png,pituitary,notumor
2,Training/pituitary/Tr-pi_1364.png,pituitary,pituitary
2,Training/pituitary/Tr-pi_1366.png,pituitary,pituitary
2,Training/pituitary/Tr-pi_1367.png,pituitary,pituitary
2,Training/pituitary/Tr-pi_1368.png,pituitary,pituitary
2,Training/pituitary/Tr-pi_1370.png,pituitary,pituitary
2,Training/pituitary/Tr-pi_1378.png,pituitary,pituitary
2,Training/pituitary/Tr-pi_1382.png,pituitary,pituitary
2,Training/pituitary/Tr-pi_1385.png,pituitary,pituitary
2,Training/pituitary/Tr-pi_1387.png,pituitary,pituitary
2,Training/pituitary/Tr-pi_154.png,pituitary,pituitary
2,Training/pituitary/Tr-pi_164.png,pituitary,pituitary
2,Training/pituitary/Tr-pi_166.png,pituitary,meningioma
2,Training/pituitary/Tr-pi_17.png,pituitary,pituitary
2,Training/pituitary/Tr-pi_18.png,pituitary,pituitary
2,Training/pituitary/Tr-pi_181.png,pituitary,pituitary
2,Training/pituitary/Tr-pi_183.png,pituitary,pituitary
2,Training/pituitary/Tr-pi_184.png,pituitary,pituitary
2,Training/pituitary/Tr-pi_187.png,pituitary,pituitary
2,Training/pituitary/Tr-pi_188.png,pituitary,pituitary
2,Training/pituitary/Tr-pi_19.png,pituitary,pituitary
2,Training/pituitary/Tr-pi_192.png,pituitary,pituitary
2,Training/pituitary/Tr-pi_200.png,pituitary,pituitary
2,Training/pituitary/Tr-pi_202.png,pituitary,pituitary
2,Training/pituitary/Tr-pi_205.png,pituitary,pituitary
2,Training/pituitary/Tr-pi_221.png,pituitary,pituitary
2,Training/pituitary/Tr-pi_224.png,pituitary,pituitary
2,Training/pituitary/Tr-pi_225.png,pituitary,pituitary
2,Training/pituitary/Tr-pi_227.png,pituitary,pituitary
2,Training/pituitary/Tr-pi_23.png,pituitary,pituitary
2,Training/pituitary/Tr-pi_239.png,pituitary,pituitary
2,Training/pituitary/Tr-pi_244.png,pituitary,pituitary
2,Training/pituitary/Tr-pi_251.png,pituitary,pituitary
2,Training/pituitary/Tr-pi_253.png,pituitary,pituitary
2,Training/pituitary/Tr-pi_262.png,pituitary,pituitary
2,Training/pituitary/Tr-pi_263.png,pituitary,pituitary
2,Training/pituitary/Tr-pi_264.png,pituitary,pituitary
2,Training/pituitary/Tr-pi_265.png,pituitary,pituitary
2,Training/pituitary/Tr-pi_285.png,pituitary,pituitary
2,Training/pituitary/Tr-pi_287.png,pituitary,pituitary
2,Training/pituitary/Tr-pi_301.png,pituitary,pituitary
2,Training/pituitary/Tr-pi_303.png,pituitary,pituitary
2,Training/pituitary/Tr-pi_306.png,pituitary,pituitary
2,Training/pituitary/Tr-pi_308.png,pituitary,pituitary
2,Training/pituitary/Tr-pi_316.png,pituitary,pituitary
2,Training/pituitary/Tr-pi_326.png,pituitary,pituitary
2,Training/pituitary/Tr-pi_329.png,pituitary,pituitary
2,Training/pituitary/Tr-pi_332.png,pituitary,pituitary
2,Training/pituitary/Tr-pi_338.png,pituitary,pituitary
2,Training/pituitary/Tr-pi_346.png,pituitary,pituitary
2,Training/pituitary/Tr-pi_349.png,pituitary,pituitary
2,Training/pituitary/Tr-pi_352.png,pituitary,pituitary
2,Training/pituitary/Tr-pi_354.png,pituitary,pituitary
2,Training/pituitary/Tr-pi_357.png,pituitary,pituitary
2,Training/pituitary/Tr-pi_362.png,pituitary,pituitary
2,Training/pituitary/Tr-pi_365.png,pituitary,pituitary
2,Training/pituitary/Tr-pi_366.png,pituitary,pituitary
2,Training/pituitary/Tr-pi_367.png,pituitary,pituitary
2,Training/pituitary/Tr-pi_375.png,pituitary,pituitary
2,Training/pituitary/Tr-pi_377.png,pituitary,pituitary
2,Training/pituitary/Tr-pi_38.png,pituitary,pituitary
2,Training/pituitary/Tr-pi_382.png,pituitary,glioma
2,Training/pituitary/Tr-pi_40.png,pituitary,pituitary
2,Training/pituitary/Tr-pi_404.png,pituitary,pituitary
2,Training/pituitary/Tr-pi_41.png,pituitary,pituitary
2,Training/pituitary/Tr-pi_411.png,pituitary,pituitary
2,Training/pituitary/Tr-pi_418.png,pituitary,pituitary
2,Training/pituitary/Tr-pi_42.png,pituitary,pituitary
2,Training/pituitary/Tr-pi_427.png,pituitary,pituitary
2,Training/pituitary/Tr-pi_428.png,pituitary,pituitary
2,Training/pituitary/Tr-pi_430.png,pituitary,pituitary
2,Training/pituitary/Tr-pi_431.png,pituitary,pituitary
2,Training/pituitary/Tr-pi_439.png,pituitary,pituitary
2,Training/pituitary/Tr-pi_440.png,pituitary,pituitary
2,Training/pituitary/Tr-pi_442.png,pituitary,pituitary
2,Training/pituitary/Tr-pi_445.png,pituitary,pituitary
2,Training/pituitary/Tr-pi_447.png,pituitary,pituitary
2,Training/pituitary/Tr-pi_461.png,pituitary,pituitary
2,Training/pituitary/Tr-pi_463.png,pituitary,pituitary
2,Training/pituitary/Tr-pi_466.png,pituitary,pituitary
2,Training/pituitary/Tr-pi_468.png,pituitary,pituitary
2,Training/pituitary/Tr-pi_47.png,pituitary,pituitary
2,Training/pituitary/Tr-pi_472.png,pituitary,pituitary
2,Training/pituitary/Tr-pi_479.png,pituitary,pituitary
2,Training/pituitary/Tr-pi_483.png,pituitary,pituitary
2,Training/pituitary/Tr-pi_499.png,pituitary,meningioma
2,Training/pituitary/Tr-pi_51.png,pituitary,pituitary
2,Training/pituitary/Tr-pi_515.png,pituitary,pituitary
2,Training/pituitary/Tr-pi_518.png,pituitary,pituitary
2,Training/pituitary/Tr-pi_52.png,pituitary,pituitary
2,Training/pituitary/Tr-pi_525.png,pituitary,pituitary
2,Training/pituitary/Tr-pi_527.png,pituitary,pituitary
2,Training/pituitary/Tr-pi_55.png,pituitary,meningioma
2,Training/pituitary/Tr-pi_553.png,pituitary,pituitary
2,Training/pituitary/Tr-pi_565.png,pituitary,pituitary
2,Training/pituitary/Tr-pi_566.png,pituitary,pituitary
2,Training/pituitary/Tr-pi_585.png,pituitary,pituitary
2,Training/pituitary/Tr-pi_589.png,pituitary,pituitary
2,Training/pituitary/Tr-pi_59.png,pituitary,pituitary
2,Training/pituitary/Tr-pi_591.png,pituitary,pituitary
2,Training/pituitary/Tr-pi_597.png,pituitary,pituitary
2,Training/pituitary/Tr-pi_608.png,pituitary,pituitary
2,Training/pituitary/Tr-pi_610.png,pituitary,pituitary
2,Training/pituitary/Tr-pi_623.png,pituitary,pituitary
2,Training/pituitary/Tr-pi_628.png,pituitary,pituitary
2,Training/pituitary/Tr-pi_637.png,pituitary,pituitary
2,Training/pituitary/Tr-pi_64.png,pituitary,pituitary
2,Training/pituitary/Tr-pi_655.png,pituitary,pituitary
2,Training/pituitary/Tr-pi_659.png,pituitary,pituitary
2,Training/pituitary/Tr-pi_662.png,pituitary,pituitary
2,Training/pituitary/Tr-pi_667.png,pituitary,pituitary
2,Training/pituitary/Tr-pi_670.png,pituitary,pituitary
2,Training/pituitary/Tr-pi_671.png,pituitary,pituitary
2,Training/pituitary/Tr-pi_675.png,pituitary,pituitary
2,Training/pituitary/Tr-pi_68.png,pituitary,pituitary
2,Training/pituitary/Tr-pi_681.png,pituitary,pituitary
2,Training/pituitary/Tr-pi_682.png,pituitary,pituitary
2,Training/pituitary/Tr-pi_684.png,pituitary,pituitary
2,Training/pituitary/Tr-pi_687.png,pituitary,pituitary
2,Training/pituitary/Tr-pi_695.png,pituitary,pituitary
2,Training/pituitary/Tr-pi_70.png,pituitary,pituitary
2,Training/pituitary/Tr-pi_704.png,pituitary,pituitary
2,Training/pituitary/Tr-pi_707.png,pituitary,pituitary
2,Training/pituitary/Tr-pi_71.png,pituitary,pituitary
2,Training/pituitary/Tr-pi_728.png,pituitary,pituitary
2,Training/pituitary/Tr-pi_729.png,pituitary,pituitary
2,Training/pituitary/Tr-pi_73.png,pituitary,pituitary
2,Training/pituitary/Tr-pi_731.png,pituitary,pituitary
2,Training/pituitary/Tr-pi_732.png,pituitary,pituitary
2,Training/pituitary/Tr-pi_736.png,pituitary,pituitary
2,Training/pituitary/Tr-pi_740.png,pituitary,pituitary
2,Training/pituitary/Tr-pi_750.png,pituitary,pituitary
2,Training/pituitary/Tr-pi_763.png,pituitary,pituitary
2,Training/pituitary/Tr-pi_765.png,pituitary,pituitary
2,Training/pituitary/Tr-pi_78.png,pituitary,pituitary
2,Training/pituitary/Tr-pi_782.png,pituitary,pituitary
2,Training/pituitary/Tr-pi_783.png,pituitary,pituitary
2,Training/pituitary/Tr-pi_784.png,pituitary,pituitary
2,Training/pituitary/Tr-pi_785.png,pituitary,pituitary
2,Training/pituitary/Tr-pi_792.png,pituitary,pituitary
2,Training/pituitary/Tr-pi_796.png,pituitary,pituitary
2,Training/pituitary/Tr-pi_797.png,pituitary,pituitary
2,Training/pituitary/Tr-pi_8.png,pituitary,pituitary
2,Training/pituitary/Tr-pi_80.png,pituitary,pituitary
2,Training/pituitary/Tr-pi_802.png,pituitary,pituitary
2,Training/pituitary/Tr-pi_806.png,pituitary,pituitary
2,Training/pituitary/Tr-pi_809.png,pituitary,pituitary
2,Training/pituitary/Tr-pi_814.png,pituitary,pituitary
2,Training/pituitary/Tr-pi_815.png,pituitary,pituitary
2,Training/pituitary/Tr-pi_823.png,pituitary,pituitary
2,Training/pituitary/Tr-pi_826.png,pituitary,pituitary
2,Training/pituitary/Tr-pi_831.png,pituitary,pituitary
2,Training/pituitary/Tr-pi_84.png,pituitary,pituitary
2,Training/pituitary/Tr-pi_847.png,pituitary,pituitary
2,Training/pituitary/Tr-pi_85.png,pituitary,pituitary
2,Training/pituitary/Tr-pi_856.png,pituitary,pituitary
2,Training/pituitary/Tr-pi_869.png,pituitary,pituitary
2,Training/pituitary/Tr-pi_870.png,pituitary,pituitary
2,Training/pituitary/Tr-pi_874.png,pituitary,pituitary
2,Training/pituitary/Tr-pi_88.png,pituitary,pituitary
2,Training/pituitary/Tr-pi_880.png,pituitary,pituitary
2,Training/pituitary/Tr-pi_884.png,pituitary,pituitary
2,Training/pituitary/Tr-pi_888.png,pituitary,pituitary
2,Training/pituitary/Tr-pi_891.png,pituitary,pituitary
2,Training/pituitary/Tr-pi_892.png,pituitary,pituitary
2,Training/pituitary/Tr-pi_894.png,pituitary,pituitary
2,Training/pituitary/Tr-pi_898.png,pituitary,pituitary
2,Training/pituitary/Tr-pi_90.png,pituitary,pituitary
2,Training/pituitary/Tr-pi_91.png,pituitary,meningioma
2,Training/pituitary/Tr-pi_913.png,pituitary,pituitary
2,Training/pituitary/Tr-pi_919.png,pituitary,pituitary
2,Training/pituitary/Tr-pi_92.png,pituitary,pituitary
2,Training/pituitary/Tr-pi_926.png,pituitary,pituitary
2,Training/pituitary/Tr-pi_929.png,pituitary,pituitary
2,Training/pituitary/Tr-pi_953.png,pituitary,pituitary
2,Training/pituitary/Tr-pi_957.png,pituitary,pituitary
2,Training/pituitary/Tr-pi_961.png,pituitary,pituitary
2,Training/pituitary/Tr-pi_962.png,pituitary,pituitary
2,Training/pituitary/Tr-pi_968.png,pituitary,pituitary
2,Training/pituitary/Tr-pi_970.png,pituitary,pituitary
2,Training/pituitary/Tr-pi_971.png,pituitary,pituitary
2,Training/pituitary/Tr-pi_972.png,pituitary,pituitary
2,Training/pituitary/Tr-pi_975.png,pituitary,pituitary
2,Training/pituitary/Tr-pi_976.png,pituitary,pituitary
2,Training/pituitary/Tr-pi_981.png,pituitary,pituitary
2,Training/pituitary/Tr-pi_982.png,pituitary,pituitary
2,Training/pituitary/Tr-pi_984.png,pituitary,pituitary
2,Training/pituitary/Tr-pi_99.png,pituitary,pituitary
2,Training/pituitary/Tr-pi_990.png,pituitary,pituitary
2,Training/pituitary/Tr-pi_997.png,pituitary,pituitary
