relative_path,true_label,predicted_label,correct
Training/glioma/Tr-gl_1009.png,glioma,glioma,True
Training/glioma/Tr-gl_1013.png,glioma,glioma,True
Training/glioma/Tr-gl_1016.png,glioma,glioma,True
Training/glioma/Tr-gl_1024.png,glioma,glioma,True
Training/glioma/Tr-gl_1026.png,glioma,glioma,True
Training/glioma/Tr-gl_1028.png,glioma,glioma,True
Training/glioma/Tr-gl_1038.png,glioma,glioma,True
Training/glioma/Tr-gl_1053.png,glioma,meningioma,False
Training/glioma/Tr-gl_1056.png,glioma,glioma,True
Training/glioma/Tr-gl_1060.png,glioma,meningioma,False
Training/glioma/Tr-gl_1062.png,glioma,glioma,True
Training/glioma/Tr-gl_1063.png,glioma,glioma,True
Training/glioma/Tr-gl_1065.png,glioma,glioma,True
Training/glioma/Tr-gl_1068.png,glioma,glioma,True
Training/glioma/Tr-gl_1077.png,glioma,glioma,True
Training/glioma/Tr-gl_1081.png,glioma,glioma,True
Training/glioma/Tr-gl_1083.png,glioma,glioma,True
Training/glioma/Tr-gl_1086.png,glioma,glioma,True
Training/glioma/Tr-gl_1090.png,glioma,glioma,True
Training/glioma/Tr-gl_1093.png,glioma,glioma,True
Training/glioma/Tr-gl_1095.png,glioma,glioma,True
Training/glioma/Tr-gl_1097.png,glioma,glioma,True
Training/glioma/Tr-gl_1115.png,glioma,glioma,True
Training/glioma/Tr-gl_1118.png,glioma,glioma,True
Training/glioma/Tr-gl_1128.png,glioma,glioma,True
Training/glioma/Tr-gl_1131.png,glioma,glioma,True
Training/glioma/Tr-gl_1140.png,glioma,glioma,True
Training/glioma/Tr-gl_1149.png,glioma,glioma,True
Training/glioma/Tr-gl_1151.png,glioma,meningioma,False
Training/glioma/Tr-gl_1152.png,glioma,meningioma,False
Training/glioma/Tr-gl_1155.png,glioma,glioma,True
Training/glioma/Tr-gl_1172.png,glioma,glioma,True
Training/glioma/Tr-gl_1173.png,glioma,glioma,True
Training/glioma/Tr-gl_1178.png,glioma,meningioma,False
Training/glioma/Tr-gl_1179.png,glioma,glioma,True
Training/glioma/Tr-gl_1183.png,glioma,glioma,True
Training/glioma/Tr-gl_1189.png,glioma,glioma,True
Training/glioma/Tr-gl_1201.png,glioma,glioma,True
Training/glioma/Tr-gl_1209.png,glioma,pituitary,False
Training/glioma/Tr-gl_1210.png,glioma,glioma,True
Training/glioma/Tr-gl_1216.png,glioma,glioma,True
Training/glioma/Tr-gl_122.png,glioma,glioma,True
Training/glioma/Tr-gl_1220.png,glioma,glioma,True
Training/glioma/Tr-gl_1225.png,glioma,glioma,True
Training/glioma/Tr-gl_1227.png,glioma,meningioma,False
Training/glioma/Tr-gl_1233.png,glioma,glioma,True
Training/glioma/Tr-gl_1247.png,glioma,glioma,True
Training/glioma/Tr-gl_1250.png,glioma,glioma,True
Training/glioma/Tr-gl_1262.png,glioma,glioma,True
Training/glioma/Tr-gl_1264.png,glioma,glioma,True
Training/glioma/Tr-gl_127.png,glioma,glioma,True
Training/glioma/Tr-gl_1270.png,glioma,glioma,True
Training/glioma/Tr-gl_1276.png,glioma,glioma,True
Training/glioma/Tr-gl_1284.png,glioma,glioma,True
Training/glioma/Tr-gl_1286.png,glioma,glioma,True
Training/glioma/Tr-gl_1287.png,glioma,glioma,True
Training/glioma/Tr-gl_1291.png,glioma,meningioma,False
Training/glioma/Tr-gl_1297.png,glioma,glioma,True
Training/glioma/Tr-gl_1298.png,glioma,glioma,True
Training/glioma/Tr-gl_1302.png,glioma,glioma,True
Training/glioma/Tr-gl_1309.png,glioma,glioma,True
Training/glioma/Tr-gl_1310.png,glioma,glioma,True
Training/glioma/Tr-gl_1323.png,glioma,glioma,True
Training/glioma/Tr-gl_1329.png,glioma,meningioma,False
Training/glioma/Tr-gl_1339.png,glioma,meningioma,False
Training/glioma/Tr-gl_1347.png,glioma,glioma,True
Training/glioma/Tr-gl_1364.png,glioma,glioma,True
Training/glioma/Tr-gl_1368.png,glioma,glioma,True
Training/glioma/Tr-gl_1370.png,glioma,glioma,True
Training/glioma/Tr-gl_1372.png,glioma,glioma,True
Training/glioma/Tr-gl_1381.png,glioma,glioma,True
Training/glioma/Tr-gl_1391.png,glioma,glioma,True
Training/glioma/Tr-gl_1397.png,glioma,glioma,True
Training/glioma/Tr-gl_140.png,glioma,glioma,True
Training/glioma/Tr-gl_15.png,glioma,glioma,True
Training/glioma/Tr-gl_150.png,glioma,glioma,True
Training/glioma/Tr-gl_151.png,glioma,glioma,True
Training/glioma/Tr-gl_157.png,glioma,glioma,True
Training/glioma/Tr-gl_159.png,glioma,glioma,True
Training/glioma/Tr-gl_161.png,glioma,glioma,True
Training/glioma/Tr-gl_162.png,glioma,glioma,True
Training/glioma/Tr-gl_163.png,glioma,meningioma,False
Training/glioma/Tr-gl_165.png,glioma,glioma,True
Training/glioma/Tr-gl_166.png,glioma,glioma,True
Training/glioma/Tr-gl_169.png,glioma,glioma,True
Training/glioma/Tr-gl_17.png,glioma,pituitary,False
Training/glioma/Tr-gl_175.png,glioma,glioma,True
Training/glioma/Tr-gl_176.png,glioma,glioma,True
Training/glioma/Tr-gl_177.png,glioma,glioma,True
Training/glioma/Tr-gl_184.png,glioma,glioma,True
Training/glioma/Tr-gl_185.png,glioma,glioma,True
Training/glioma/Tr-gl_187.png,glioma,glioma,True
Training/glioma/Tr-gl_196.png,glioma,glioma,True
Training/glioma/Tr-gl_197.png,glioma,glioma,True
Training/glioma/Tr-gl_20.png,glioma,glioma,True
Training/glioma/Tr-gl_200.png,glioma,glioma,True
Training/glioma/Tr-gl_203.png,glioma,glioma,True
Training/glioma/Tr-gl_204.png,glioma,glioma,True
Training/glioma/Tr-gl_206.png,glioma,glioma,True
Training/glioma/Tr-gl_211.png,glioma,glioma,True
Training/glioma/Tr-gl_220.png,glioma,glioma,True
Training/glioma/Tr-gl_222.png,glioma,glioma,True
Training/glioma/Tr-gl_224.png,glioma,glioma,True
Training/glioma/Tr-gl_228.png,glioma,glioma,True
Training/glioma/Tr-gl_23.png,glioma,glioma,True
Training/glioma/Tr-gl_234.png,glioma,glioma,True
Training/glioma/Tr-gl_238.png,glioma,glioma,True
Training/glioma/Tr-gl_245.png,glioma,glioma,True
Training/glioma/Tr-gl_246.png,glioma,glioma,True
Training/glioma/Tr-gl_255.png,glioma,glioma,True
Training/glioma/Tr-gl_257.png,glioma,glioma,True
Training/glioma/Tr-gl_259.png,glioma,meningioma,False
Training/glioma/Tr-gl_260.png,glioma,glioma,True
Training/glioma/Tr-gl_263.png,glioma,glioma,True
Training/glioma/Tr-gl_268.png,glioma,glioma,True
Training/glioma/Tr-gl_270.png,glioma,glioma,True
Training/glioma/Tr-gl_275.png,glioma,glioma,True
Training/glioma/Tr-gl_279.png,glioma,glioma,True
Training/glioma/Tr-gl_281.png,glioma,glioma,True
Training/glioma/Tr-gl_29.png,glioma,glioma,True
Training/glioma/Tr-gl_290.png,glioma,glioma,True
Training/glioma/Tr-gl_294.png,glioma,glioma,True
Training/glioma/Tr-gl_295.png,glioma,glioma,True
Training/glioma/Tr-gl_296.png,glioma,meningioma,False
Training/glioma/Tr-gl_309.png,glioma,meningioma,False
Training/glioma/Tr-gl_316.png,glioma,glioma,True
Training/glioma/Tr-gl_323.png,glioma,glioma,True
Training/glioma/Tr-gl_324.png,glioma,glioma,True
Training/glioma/Tr-gl_328.png,glioma,glioma,True
Training/glioma/Tr-gl_329.png,glioma,glioma,True
Training/glioma/Tr-gl_344.png,glioma,glioma,True
Training/glioma/Tr-gl_35.png,glioma,glioma,True
Training/glioma/Tr-gl_357.png,glioma,glioma,True
Training/glioma/Tr-gl_358.png,glioma,glioma,True
Training/glioma/Tr-gl_359.png,glioma,glioma,True
Training/glioma/Tr-gl_360.png,glioma,glioma,True
Training/glioma/Tr-gl_363.png,glioma,glioma,True
Training/glioma/Tr-gl_372.png,glioma,glioma,True
Training/glioma/Tr-gl_376.png,glioma,glioma,True
Training/glioma/Tr-gl_39.png,glioma,glioma,True
Training/glioma/Tr-gl_390.png,glioma,glioma,True
Training/glioma/Tr-gl_392.png,glioma,meningioma,False
Training/glioma/Tr-gl_395.png,glioma,glioma,True
Training/glioma/Tr-gl_40.png,glioma,glioma,True
Training/glioma/Tr-gl_413.png,glioma,meningioma,False
Training/glioma/Tr-gl_415.png,glioma,glioma,True
Training/glioma/Tr-gl_416.png,glioma,glioma,True
Training/glioma/Tr-gl_434.png,glioma,glioma,True
Training/glioma/Tr-gl_439.png,glioma,glioma,True
Training/glioma/Tr-gl_44.png,glioma,glioma,True
Training/glioma/Tr-gl_443.png,glioma,glioma,True
Training/glioma/Tr-gl_455.png,glioma,glioma,True
Training/glioma/Tr-gl_457.png,glioma,glioma,True
Training/glioma/Tr-gl_46.png,glioma,glioma,True
Training/glioma/Tr-gl_460.png,glioma,pituitary,False
Training/glioma/Tr-gl_464.png,glioma,glioma,True
Training/glioma/Tr-gl_467.png,glioma,glioma,True
Training/glioma/Tr-gl_482.png,glioma,glioma,True
Training/glioma/Tr-gl_485.png,glioma,glioma,True
Training/glioma/Tr-gl_49.png,glioma,glioma,True
Training/glioma/Tr-gl_493.png,glioma,glioma,True
Training/glioma/Tr-gl_497.png,glioma,glioma,True
Training/glioma/Tr-gl_507.png,glioma,glioma,True
Training/glioma/Tr-gl_514.png,glioma,glioma,True
Training/glioma/Tr-gl_522.png,glioma,glioma,True
Training/glioma/Tr-gl_524.png,glioma,glioma,True
Training/glioma/Tr-gl_536.png,glioma,glioma,True
Training/glioma/Tr-gl_542.png,glioma,glioma,True
Training/glioma/Tr-gl_548.png,glioma,glioma,True
Training/glioma/Tr-gl_549.png,glioma,glioma,True
Training/glioma/Tr-gl_551.png,glioma,glioma,True
Training/glioma/Tr-gl_557.png,glioma,glioma,True
Training/glioma/Tr-gl_559.png,glioma,glioma,True
Training/glioma/Tr-gl_563.png,glioma,glioma,True
Training/glioma/Tr-gl_57.png,glioma,glioma,True
Training/glioma/Tr-gl_571.png,glioma,glioma,True
Training/glioma/Tr-gl_58.png,glioma,glioma,True
Training/glioma/Tr-gl_60.png,glioma,glioma,True
Training/glioma/Tr-gl_603.png,glioma,glioma,True
Training/glioma/Tr-gl_612.png,glioma,glioma,True
Training/glioma/Tr-gl_613.png,glioma,glioma,True
Training/glioma/Tr-gl_614.png,glioma,glioma,True
Training/glioma/Tr-gl_62.png,glioma,glioma,True
Training/glioma/Tr-gl_625.png,glioma,glioma,True
Training/glioma/Tr-gl_626.png,glioma,glioma,True
Training/glioma/Tr-gl_631.png,glioma,glioma,True
Training/glioma/Tr-gl_639.png,glioma,glioma,True
Training/glioma/Tr-gl_64.png,glioma,glioma,True
Training/glioma/Tr-gl_65.png,glioma,glioma,True
Training/glioma/Tr-gl_654.png,glioma,glioma,True
Training/glioma/Tr-gl_656.png,glioma,glioma,True
Training/glioma/Tr-gl_658.png,glioma,glioma,True
Training/glioma/Tr-gl_661.png,glioma,glioma,True
Training/glioma/Tr-gl_664.png,glioma,glioma,True
Training/glioma/Tr-gl_668.png,glioma,glioma,True
Training/glioma/Tr-gl_669.png,glioma,glioma,True
Training/glioma/Tr-gl_672.png,glioma,glioma,True
Training/glioma/Tr-gl_674.png,glioma,glioma,True
Training/glioma/Tr-gl_678.png,glioma,glioma,True
Training/glioma/Tr-gl_680.png,glioma,glioma,True
Training/glioma/Tr-gl_689.png,glioma,glioma,True
Training/glioma/Tr-gl_690.png,glioma,glioma,True
Training/glioma/Tr-gl_7.png,glioma,glioma,True
Training/glioma/Tr-gl_702.png,glioma,glioma,True
Training/glioma/Tr-gl_704.png,glioma,glioma,True
Training/glioma/Tr-gl_706.png,glioma,glioma,True
Training/glioma/Tr-gl_71.png,glioma,glioma,True
Training/glioma/Tr-gl_713.png,glioma,glioma,True
Training/glioma/Tr-gl_715.png,glioma,glioma,True
Training/glioma/Tr-gl_718.png,glioma,glioma,True
Training/glioma/Tr-gl_720.png,glioma,meningioma,False
Training/glioma/Tr-gl_723.png,glioma,glioma,True
Training/glioma/Tr-gl_724.png,glioma,glioma,True
Training/glioma/Tr-gl_739.png,glioma,glioma,True
Training/glioma/Tr-gl_741.png,glioma,glioma,True
Training/glioma/Tr-gl_746.png,glioma,glioma,True
Training/glioma/Tr-gl_748.png,glioma,glioma,True
Training/glioma/Tr-gl_749.png,glioma,glioma,True
Training/glioma/Tr-gl_750.png,glioma,glioma,True
Training/glioma/Tr-gl_751.png,glioma,meningioma,False
Training/glioma/Tr-gl_757.png,glioma,glioma,True
Training/glioma/Tr-gl_759.png,glioma,glioma,True
Training/glioma/Tr-gl_76.png,glioma,glioma,True
Training/glioma/Tr-gl_766.png,glioma,glioma,True
Training/glioma/Tr-gl_770.png,glioma,meningioma,False
Training/glioma/Tr-gl_771.png,glioma,meningioma,False
Training/glioma/Tr-gl_773.png,glioma,glioma,True
Training/glioma/Tr-gl_778.png,glioma,glioma,True
Training/glioma/Tr-gl_785.png,glioma,meningioma,False
Training/glioma/Tr-gl_795.png,glioma,glioma,True
Training/glioma/Tr-gl_798.png,glioma,glioma,True
Training/glioma/Tr-gl_799.png,glioma,glioma,True
Training/glioma/Tr-gl_800.png,glioma,glioma,True
Training/glioma/Tr-gl_805.png,glioma,meningioma,False
Training/glioma/Tr-gl_807.png,glioma,glioma,True
Training/glioma/Tr-gl_819.png,glioma,pituitary,False
Training/glioma/Tr-gl_82.png,glioma,glioma,True
Training/glioma/Tr-gl_820.png,glioma,glioma,True
Training/glioma/Tr-gl_823.png,glioma,glioma,True
Training/glioma/Tr-gl_824.png,glioma,glioma,True
Training/glioma/Tr-gl_829.png,glioma,glioma,True
Training/glioma/Tr-gl_831.png,glioma,glioma,True
Training/glioma/Tr-gl_833.png,glioma,glioma,True
Training/glioma/Tr-gl_835.png,glioma,glioma,True
Training/glioma/Tr-gl_839.png,glioma,glioma,True
Training/glioma/Tr-gl_86.png,glioma,pituitary,False
Training/glioma/Tr-gl_861.png,glioma,glioma,True
Training/glioma/Tr-gl_872.png,glioma,glioma,True
Training/glioma/Tr-gl_876.png,glioma,glioma,True
Training/glioma/Tr-gl_877.png,glioma,glioma,True
Training/glioma/Tr-gl_878.png,glioma,glioma,True
Training/glioma/Tr-gl_881.png,glioma,meningioma,False
Training/glioma/Tr-gl_888.png,glioma,glioma,True
Training/glioma/Tr-gl_889.png,glioma,glioma,True
Training/glioma/Tr-gl_892.png,glioma,glioma,True
Training/glioma/Tr-gl_893.png,glioma,pituitary,False
Training/glioma/Tr-gl_9.png,glioma,pituitary,False
Training/glioma/Tr-gl_901.png,glioma,glioma,True
Training/glioma/Tr-gl_906.png,glioma,glioma,True
Training/glioma/Tr-gl_907.png,glioma,glioma,True
Training/glioma/Tr-gl_909.png,glioma,glioma,True
Training/glioma/Tr-gl_910.png,glioma,glioma,True
Training/glioma/Tr-gl_914.png,glioma,meningioma,False
Training/glioma/Tr-gl_925.png,glioma,glioma,True
Training/glioma/Tr-gl_926.png,glioma,glioma,True
Training/glioma/Tr-gl_927.png,glioma,glioma,True
Training/glioma/Tr-gl_94.png,glioma,glioma,True
Training/glioma/Tr-gl_940.png,glioma,glioma,True
Training/glioma/Tr-gl_941.png,glioma,glioma,True
Training/glioma/Tr-gl_950.png,glioma,glioma,True
Training/glioma/Tr-gl_954.png,glioma,glioma,True
Training/glioma/Tr-gl_965.png,glioma,glioma,True
Training/glioma/Tr-gl_967.png,glioma,glioma,True
Training/glioma/Tr-gl_974.png,glioma,glioma,True
Training/glioma/Tr-gl_977.png,glioma,glioma,True
Training/glioma/Tr-gl_983.png,glioma,glioma,True
Training/glioma/Tr-gl_988.png,glioma,glioma,True
Training/glioma/Tr-gl_989.png,glioma,glioma,True
Training/glioma/Tr-gl_99.png,glioma,glioma,True
Training/glioma/Tr-gl_997.png,glioma,glioma,True
Training/meningioma/Tr-aug-me_14.png,meningioma,meningioma,True
Training/meningioma/Tr-aug-me_16.png,meningioma,meningioma,True
Training/meningioma/Tr-aug-me_17.png,meningioma,meningioma,True
Training/meningioma/Tr-aug-me_18.png,meningioma,meningioma,True
Training/meningioma/Tr-aug-me_19.png,meningioma,meningioma,True
Training/meningioma/Tr-aug-me_2.png,meningioma,meningioma,True
Training/meningioma/Tr-aug-me_29.png,meningioma,meningioma,True
Training/meningioma/Tr-aug-me_41.png,meningioma,meningioma,True
Training/meningioma/Tr-aug-me_48.png,meningioma,meningioma,True
Training/meningioma/Tr-aug-me_51.png,meningioma,meningioma,True
Training/meningioma/Tr-aug-me_53.png,meningioma,meningioma,True
Training/meningioma/Tr-aug-me_56.png,meningioma,meningioma,True
Training/meningioma/Tr-aug-me_57.png,meningioma,pituitary,False
Training/meningioma/Tr-aug-me_68.png,meningioma,meningioma,True
Training/meningioma/Tr-aug-me_72.png,meningioma,meningioma,True
Training/meningioma/Tr-aug-me_73.png,meningioma,pituitary,False
Training/meningioma/Tr-aug-me_8.png,meningioma,meningioma,True
Training/meningioma/Tr-aug-me_82.png,meningioma,meningioma,True
Training/meningioma/Tr-aug-me_87.png,meningioma,glioma,False
Training/meningioma/Tr-aug-me_88.png,meningioma,meningioma,True
Training/meningioma/Tr-aug-me_92.png,meningioma,pituitary,False
Training/meningioma/Tr-aug-me_97.png,meningioma,meningioma,True
Training/meningioma/Tr-aug-me_98.png,meningioma,meningioma,True
Training/meningioma/Tr-me_100.png,meningioma,meningioma,True
Training/meningioma/Tr-me_1003.png,meningioma,meningioma,True
Training/meningioma/Tr-me_1004.png,meningioma,meningioma,True
Training/meningioma/Tr-me_1009.png,meningioma,meningioma,True
Training/meningioma/Tr-me_1013.png,meningioma,pituitary,False
Training/meningioma/Tr-me_1016.png,meningioma,pituitary,False
Training/meningioma/Tr-me_1022.png,meningioma,glioma,False
Training/meningioma/Tr-me_1035.png,meningioma,meningioma,True
Training/meningioma/Tr-me_1039.png,meningioma,meningioma,True
Training/meningioma/Tr-me_104.png,meningioma,meningioma,True
Training/meningioma/Tr-me_1044.png,meningioma,meningioma,True
Training/meningioma/Tr-me_1047.png,meningioma,meningioma,True
Training/meningioma/Tr-me_1048.png,meningioma,meningioma,True
Training/meningioma/Tr-me_1049.png,meningioma,meningioma,True
Training/meningioma/Tr-me_1052.png,meningioma,meningioma,True
Training/meningioma/Tr-me_1057.png,meningioma,notumor,False
Training/meningioma/Tr-me_1062.png,meningioma,meningioma,True
Training/meningioma/Tr-me_1063.png,meningioma,meningioma,True
Training/meningioma/Tr-me_1066.png,meningioma,meningioma,True
Training/meningioma/Tr-me_1068.png,meningioma,meningioma,True
Training/meningioma/Tr-me_1072.png,meningioma,meningioma,True
Training/meningioma/Tr-me_1089.png,meningioma,glioma,False
Training/meningioma/Tr-me_1092.png,meningioma,meningioma,True
Training/meningioma/Tr-me_1097.png,meningioma,glioma,False
Training/meningioma/Tr-me_1099.png,meningioma,meningioma,True
Training/meningioma/Tr-me_1102.png,meningioma,meningioma,True
Training/meningioma/Tr-me_1109.png,meningioma,meningioma,True
Training/meningioma/Tr-me_1117.png,meningioma,meningioma,True
Training/meningioma/Tr-me_1119.png,meningioma,meningioma,True
Training/meningioma/Tr-me_1131.png,meningioma,meningioma,True
Training/meningioma/Tr-me_1139.png,meningioma,meningioma,True
Training/meningioma/Tr-me_115.png,meningioma,meningioma,True
Training/meningioma/Tr-me_1153.png,meningioma,meningioma,True
Training/meningioma/Tr-me_1154.png,meningioma,meningioma,True
Training/meningioma/Tr-me_1158.png,meningioma,meningioma,True
Training/meningioma/Tr-me_1166.png,meningioma,notumor,False
Training/meningioma/Tr-me_1175.png,meningioma,meningioma,True
Training/meningioma/Tr-me_1183.png,meningioma,meningioma,True
Training/meningioma/Tr-me_1184.png,meningioma,meningioma,True
Training/meningioma/Tr-me_1194.png,meningioma,meningioma,True
Training/meningioma/Tr-me_120.png,meningioma,meningioma,True
Training/meningioma/Tr-me_1202.png,meningioma,meningioma,True
Training/meningioma/Tr-me_1203.png,meningioma,pituitary,False
Training/meningioma/Tr-me_1206.png,meningioma,meningioma,True
Training/meningioma/Tr-me_1214.png,meningioma,meningioma,True
Training/meningioma/Tr-me_1216.png,meningioma,meningioma,True
Training/meningioma/Tr-me_1221.png,meningioma,pituitary,False
Training/meningioma/Tr-me_1228.png,meningioma,meningioma,True
Training/meningioma/Tr-me_1235.png,meningioma,meningioma,True
Training/meningioma/Tr-me_1236.png,meningioma,meningioma,True
Training/meningioma/Tr-me_1243.png,meningioma,meningioma,True
Training/meningioma/Tr-me_1248.png,meningioma,meningioma,True
Training/meningioma/Tr-me_1252.png,meningioma,glioma,False
Training/meningioma/Tr-me_1253.png,meningioma,meningioma,True
Training/meningioma/Tr-me_1256.png,meningioma,pituitary,False
Training/meningioma/Tr-me_1264.png,meningioma,meningioma,True
Training/meningioma/Tr-me_127.png,meningioma,meningioma,True
Training/meningioma/Tr-me_1272.png,meningioma,meningioma,True
Training/meningioma/Tr-me_1274.png,meningioma,meningioma,True
Training/meningioma/Tr-me_1288.png,meningioma,meningioma,True
Training/meningioma/Tr-me_1291.png,meningioma,meningioma,True
Training/meningioma/Tr-me_1294.png,meningioma,meningioma,True
Training/meningioma/Tr-me_1299.png,meningioma,meningioma,True
Training/meningioma/Tr-me_1300.png,meningioma,meningioma,True
Training/meningioma/Tr-me_134.png,meningioma,meningioma,True
Training/meningioma/Tr-me_14.png,meningioma,meningioma,True
Training/meningioma/Tr-me_148.png,meningioma,meningioma,True
Training/meningioma/Tr-me_15.png,meningioma,meningioma,True
Training/meningioma/Tr-me_154.png,meningioma,meningioma,True
Training/meningioma/Tr-me_157.png,meningioma,meningioma,True
Training/meningioma/Tr-me_158.png,meningioma,pituitary,False
Training/meningioma/Tr-me_159.png,meningioma,pituitary,False
Training/meningioma/Tr-me_163.png,meningioma,meningioma,True
Training/meningioma/Tr-me_165.png,meningioma,glioma,False
Training/meningioma/Tr-me_168.png,meningioma,meningioma,True
Training/meningioma/Tr-me_170.png,meningioma,meningioma,True
Training/meningioma/Tr-me_171.png,meningioma,meningioma,True
Training/meningioma/Tr-me_172.png,meningioma,meningioma,True
Training/meningioma/Tr-me_179.png,meningioma,meningioma,True
Training/meningioma/Tr-me_199.png,meningioma,meningioma,True
Training/meningioma/Tr-me_2.png,meningioma,meningioma,True
Training/meningioma/Tr-me_208.png,meningioma,meningioma,True
Training/meningioma/Tr-me_217.png,meningioma,meningioma,True
Training/meningioma/Tr-me_224.png,meningioma,meningioma,True
Training/meningioma/Tr-me_236.png,meningioma,meningioma,True
Training/meningioma/Tr-me_237.png,meningioma,meningioma,True
Training/meningioma/Tr-me_24.png,meningioma,meningioma,True
Training/meningioma/Tr-me_246.png,meningioma,meningioma,True
Training/meningioma/Tr-me_249.png,meningioma,pituitary,False
Training/meningioma/Tr-me_250.png,meningioma,pituitary,False
Training/meningioma/Tr-me_251.png,meningioma,meningioma,True
Training/meningioma/Tr-me_256.png,meningioma,meningioma,True
Training/meningioma/Tr-me_264.png,meningioma,meningioma,True
Training/meningioma/Tr-me_265.png,meningioma,meningioma,True
Training/meningioma/Tr-me_266.png,meningioma,meningioma,True
Training/meningioma/Tr-me_267.png,meningioma,meningioma,True
Training/meningioma/Tr-me_268.png,meningioma,pituitary,False
Training/meningioma/Tr-me_27.png,meningioma,meningioma,True
Training/meningioma/Tr-me_272.png,meningioma,meningioma,True
Training/meningioma/Tr-me_279.png,meningioma,meningioma,True
Training/meningioma/Tr-me_280.png,meningioma,glioma,False
Training/meningioma/Tr-me_283.png,meningioma,meningioma,True
Training/meningioma/Tr-me_286.png,meningioma,meningioma,True
Training/meningioma/Tr-me_291.png,meningioma,meningioma,True
Training/meningioma/Tr-me_293.png,meningioma,meningioma,True
Training/meningioma/Tr-me_294.png,meningioma,meningioma,True
Training/meningioma/Tr-me_295.png,meningioma,meningioma,True
Training/meningioma/Tr-me_298.png,meningioma,meningioma,True
Training/meningioma/Tr-me_3.png,meningioma,meningioma,True
Training/meningioma/Tr-me_300.png,meningioma,meningioma,True
Training/meningioma/Tr-me_305.png,meningioma,meningioma,True
Training/meningioma/Tr-me_32.png,meningioma,meningioma,True
Training/meningioma/Tr-me_321.png,meningioma,meningioma,True
Training/meningioma/Tr-me_323.png,meningioma,meningioma,True
Training/meningioma/Tr-me_33.png,meningioma,meningioma,True
Training/meningioma/Tr-me_330.png,meningioma,meningioma,True
Training/meningioma/Tr-me_331.png,meningioma,meningioma,True
Training/meningioma/Tr-me_341.png,meningioma,meningioma,True
Training/meningioma/Tr-me_348.png,meningioma,notumor,False
Training/meningioma/Tr-me_349.png,meningioma,meningioma,True
Training/meningioma/Tr-me_353.png,meningioma,meningioma,True
Training/meningioma/Tr-me_355.png,meningioma,pituitary,False
Training/meningioma/Tr-me_360.png,meningioma,meningioma,True
Training/meningioma/Tr-me_365.png,meningioma,meningioma,True
Training/meningioma/Tr-me_369.png,meningioma,meningioma,True
Training/meningioma/Tr-me_370.png,meningioma,meningioma,True
Training/meningioma/Tr-me_376.png,meningioma,meningioma,True
Training/meningioma/Tr-me_381.png,meningioma,meningioma,True
Training/meningioma/Tr-me_389.png,meningioma,meningioma,True
Training/meningioma/Tr-me_394.png,meningioma,glioma,False
Training/meningioma/Tr-me_395.png,meningioma,meningioma,True
Training/meningioma/Tr-me_4.png,meningioma,pituitary,False
Training/meningioma/Tr-me_400.png,meningioma,meningioma,True
Training/meningioma/Tr-me_402.png,meningioma,meningioma,True
Training/meningioma/Tr-me_405.png,meningioma,meningioma,True
Training/meningioma/Tr-me_411.png,meningioma,meningioma,True
Training/meningioma/Tr-me_415.png,meningioma,meningioma,True
Training/meningioma/Tr-me_416.png,meningioma,meningioma,True
Training/meningioma/Tr-me_42.png,meningioma,meningioma,True
Training/meningioma/Tr-me_420.png,meningioma,meningioma,True
Training/meningioma/Tr-me_423.png,meningioma,meningioma,True
Training/meningioma/Tr-me_425.png,meningioma,meningioma,True
Training/meningioma/Tr-me_426.png,meningioma,meningioma,True
Training/meningioma/Tr-me_427.png,meningioma,meningioma,True
Training/meningioma/Tr-me_442.png,meningioma,meningioma,True
Training/meningioma/Tr-me_443.png,meningioma,meningioma,True
Training/meningioma/Tr-me_446.png,meningioma,meningioma,True
Training/meningioma/Tr-me_449.png,meningioma,meningioma,True
Training/meningioma/Tr-me_45.png,meningioma,meningioma,True
Training/meningioma/Tr-me_454.png,meningioma,meningioma,True
Training/meningioma/Tr-me_459.png,meningioma,meningioma,True
Training/meningioma/Tr-me_462.png,meningioma,meningioma,True
Training/meningioma/Tr-me_463.png,meningioma,meningioma,True
Training/meningioma/Tr-me_468.png,meningioma,meningioma,True
Training/meningioma/Tr-me_48.png,meningioma,meningioma,True
Training/meningioma/Tr-me_481.png,meningioma,meningioma,True
Training/meningioma/Tr-me_482.png,meningioma,meningioma,True
Training/meningioma/Tr-me_485.png,meningioma,glioma,False
Training/meningioma/Tr-me_492.png,meningioma,meningioma,True
Training/meningioma/Tr-me_499.png,meningioma,meningioma,True
Training/meningioma/Tr-me_516.png,meningioma,meningioma,True
Training/meningioma/Tr-me_519.png,meningioma,meningioma,True
Training/meningioma/Tr-me_521.png,meningioma,meningioma,True
Training/meningioma/Tr-me_527.png,meningioma,meningioma,True
Training/meningioma/Tr-me_538.png,meningioma,meningioma,True
Training/meningioma/Tr-me_540.png,meningioma,meningioma,True
Training/meningioma/Tr-me_543.png,meningioma,meningioma,True
Training/meningioma/Tr-me_544.png,meningioma,meningioma,True
Training/meningioma/Tr-me_553.png,meningioma,meningioma,True
Training/meningioma/Tr-me_556.png,meningioma,meningioma,True
Training/meningioma/Tr-me_567.png,meningioma,meningioma,True
Training/meningioma/Tr-me_583.png,meningioma,meningioma,True
Training/meningioma/Tr-me_589.png,meningioma,meningioma,True
Training/meningioma/Tr-me_59.png,meningioma,meningioma,True
Training/meningioma/Tr-me_592.png,meningioma,meningioma,True
Training/meningioma/Tr-me_593.png,meningioma,pituitary,False
Training/meningioma/Tr-me_596.png,meningioma,meningioma,True
Training/meningioma/Tr-me_6.png,meningioma,meningioma,True
Training/meningioma/Tr-me_60.png,meningioma,glioma,False
Training/meningioma/Tr-me_604.png,meningioma,meningioma,True
Training/meningioma/Tr-me_605.png,meningioma,meningioma,True
Training/meningioma/Tr-me_608.png,meningioma,meningioma,True
Training/meningioma/Tr-me_610.png,meningioma,meningioma,True
Training/meningioma/Tr-me_612.png,meningioma,pituitary,False
Training/meningioma/Tr-me_615.png,meningioma,meningioma,True
Training/meningioma/Tr-me_616.png,meningioma,meningioma,True
Training/meningioma/Tr-me_620.png,meningioma,meningioma,True
Training/meningioma/Tr-me_622.png,meningioma,meningioma,True
Training/meningioma/Tr-me_628.png,meningioma,meningioma,True
Training/meningioma/Tr-me_633.png,meningioma,meningioma,True
Training/meningioma/Tr-me_647.png,meningioma,meningioma,True
Training/meningioma/Tr-me_649.png,meningioma,meningioma,True
Training/meningioma/Tr-me_651.png,meningioma,meningioma,True
Training/meningioma/Tr-me_653.png,meningioma,meningioma,True
Training/meningioma/Tr-me_655.png,meningioma,meningioma,True
Training/meningioma/Tr-me_656.png,meningioma,meningioma,True
Training/meningioma/Tr-me_694.png,meningioma,meningioma,True
Training/meningioma/Tr-me_695.png,meningioma,meningioma,True
Training/meningioma/Tr-me_696.png,meningioma,meningioma,True
Training/meningioma/Tr-me_7.png,meningioma,meningioma,True
Training/meningioma/Tr-me_700.png,meningioma,meningioma,True
Training/meningioma/Tr-me_703.png,meningioma,meningioma,True
Training/meningioma/Tr-me_71.png,meningioma,meningioma,True
Training/meningioma/Tr-me_713.png,meningioma,glioma,False
Training/meningioma/Tr-me_719.png,meningioma,pituitary,False
Training/meningioma/Tr-me_72.png,meningioma,meningioma,True
Training/meningioma/Tr-me_724.png,meningioma,glioma,False
Training/meningioma/Tr-me_73.png,meningioma,meningioma,True
Training/meningioma/Tr-me_731.png,meningioma,meningioma,True
Training/meningioma/Tr-me_732.png,meningioma,meningioma,True
Training/meningioma/Tr-me_735.png,meningioma,meningioma,True
Training/meningioma/Tr-me_736.png,meningioma,meningioma,True
Training/meningioma/Tr-me_737.png,meningioma,glioma,False
Training/meningioma/Tr-me_74.png,meningioma,meningioma,True
Training/meningioma/Tr-me_742.png,meningioma,meningioma,True
Training/meningioma/Tr-me_743.png,meningioma,meningioma,True
Training/meningioma/Tr-me_756.png,meningioma,meningioma,True
Training/meningioma/Tr-me_770.png,meningioma,meningioma,True
Training/meningioma/Tr-me_776.png,meningioma,meningioma,True
Training/meningioma/Tr-me_782.png,meningioma,meningioma,True
Training/meningioma/Tr-me_79.png,meningioma,meningioma,True
Training/meningioma/Tr-me_791.png,meningioma,meningioma,True
Training/meningioma/Tr-me_792.png,meningioma,meningioma,True
Training/meningioma/Tr-me_796.png,meningioma,meningioma,True
Training/meningioma/Tr-me_802.png,meningioma,meningioma,True
Training/meningioma/Tr-me_809.png,meningioma,meningioma,True
Training/meningioma/Tr-me_822.png,meningioma,meningioma,True
Training/meningioma/Tr-me_825.png,meningioma,meningioma,True
Training/meningioma/Tr-me_827.png,meningioma,glioma,False
Training/meningioma/Tr-me_832.png,meningioma,meningioma,True
Training/meningioma/Tr-me_834.png,meningioma,meningioma,True
Training/meningioma/Tr-me_837.png,meningioma,meningioma,True
Training/meningioma/Tr-me_852.png,meningioma,pituitary,False
Training/meningioma/Tr-me_854.png,meningioma,meningioma,True
Training/meningioma/Tr-me_861.png,meningioma,meningioma,True
Training/meningioma/Tr-me_869.png,meningioma,meningioma,True
Training/meningioma/Tr-me_872.png,meningioma,meningioma,True
Training/meningioma/Tr-me_873.png,meningioma,meningioma,True
Training/meningioma/Tr-me_879.png,meningioma,glioma,False
Training/meningioma/Tr-me_884.png,meningioma,meningioma,True
Training/meningioma/Tr-me_89.png,meningioma,meningioma,True
Training/meningioma/Tr-me_899.png,meningioma,meningioma,True
Training/meningioma/Tr-me_908.png,meningioma,meningioma,True
Training/meningioma/Tr-me_909.png,meningioma,meningioma,True
Training/meningioma/Tr-me_915.png,meningioma,meningioma,True
Training/meningioma/Tr-me_916.png,meningioma,meningioma,True
Training/meningioma/Tr-me_917.png,meningioma,meningioma,True
Training/meningioma/Tr-me_918.png,meningioma,meningioma,True
Training/meningioma/Tr-me_922.png,meningioma,meningioma,True
Training/meningioma/Tr-me_930.png,meningioma,meningioma,True
Training/meningioma/Tr-me_932.png,meningioma,meningioma,True
Training/meningioma/Tr-me_934.png,meningioma,glioma,False
Training/meningioma/Tr-me_950.png,meningioma,meningioma,True
Training/meningioma/Tr-me_96.png,meningioma,meningioma,True
Training/meningioma/Tr-me_971.png,meningioma,meningioma,True
Training/meningioma/Tr-me_972.png,meningioma,glioma,False
Training/meningioma/Tr-me_988.png,meningioma,meningioma,True
Training/notumor/Tr-no_1021.png,notumor,notumor,True
Training/notumor/Tr-no_1030.png,notumor,notumor,True
Training/notumor/Tr-no_1033.png,notumor,notumor,True
Training/notumor/Tr-no_1039.png,notumor,notumor,True
Training/notumor/Tr-no_1040.png,notumor,notumor,True
Training/notumor/Tr-no_1041.png,notumor,notumor,True
Training/notumor/Tr-no_1043.png,notumor,notumor,True
Training/notumor/Tr-no_1045.png,notumor,notumor,True
Training/notumor/Tr-no_1048.png,notumor,notumor,True
Training/notumor/Tr-no_1049.png,notumor,notumor,True
Training/notumor/Tr-no_1051.png,notumor,notumor,True
Training/notumor/Tr-no_106.png,notumor,notumor,True
Training/notumor/Tr-no_1063.png,notumor,notumor,True
Training/notumor/Tr-no_1065.png,notumor,notumor,True
Training/notumor/Tr-no_1070.png,notumor,pituitary,False
Training/notumor/Tr-no_1074.png,notumor,notumor,True
Training/notumor/Tr-no_1078.png,notumor,notumor,True
Training/notumor/Tr-no_1086.png,notumor,notumor,True
Training/notumor/Tr-no_109.png,notumor,notumor,True
Training/notumor/Tr-no_1100.png,notumor,notumor,True
Training/notumor/Tr-no_1101.png,notumor,notumor,True
Training/notumor/Tr-no_1120.png,notumor,notumor,True
Training/notumor/Tr-no_1127.png,notumor,notumor,True
Training/notumor/Tr-no_1134.png,notumor,notumor,True
Training/notumor/Tr-no_1135.png,notumor,notumor,True
Training/notumor/Tr-no_114.png,notumor,notumor,True
Training/notumor/Tr-no_1142.png,notumor,notumor,True
Training/notumor/Tr-no_1144.png,notumor,notumor,True
Training/notumor/Tr-no_1147.png,notumor,notumor,True
Training/notumor/Tr-no_1150.png,notumor,notumor,True
Training/notumor/Tr-no_1153.png,notumor,notumor,True
Training/notumor/Tr-no_1155.png,notumor,notumor,True
Training/notumor/Tr-no_1159.png,notumor,notumor,True
Training/notumor/Tr-no_1166.png,notumor,notumor,True
Training/notumor/Tr-no_1176.png,notumor,notumor,True
Training/notumor/Tr-no_1177.png,notumor,notumor,True
Training/notumor/Tr-no_1184.png,notumor,notumor,True
Training/notumor/Tr-no_1193.png,notumor,notumor,True
Training/notumor/Tr-no_1194.png,notumor,notumor,True
Training/notumor/Tr-no_1198.png,notumor,notumor,True
Training/notumor/Tr-no_1200.png,notumor,notumor,True
Training/notumor/Tr-no_1203.png,notumor,notumor,True
Training/notumor/Tr-no_1205.png,notumor,notumor,True
Training/notumor/Tr-no_1213.png,notumor,notumor,True
Training/notumor/Tr-no_1218.png,notumor,notumor,True
Training/notumor/Tr-no_1220.png,notumor,notumor,True
Training/notumor/Tr-no_1221.png,notumor,notumor,True
Training/notumor/Tr-no_1230.png,notumor,notumor,True
Training/notumor/Tr-no_1234.png,notumor,notumor,True
Training/notumor/Tr-no_1236.png,notumor,notumor,True
Training/notumor/Tr-no_1241.png,notumor,notumor,True
Training/notumor/Tr-no_1242.png,notumor,notumor,True
Training/notumor/Tr-no_1250.png,notumor,notumor,True
Training/notumor/Tr-no_1255.png,notumor,notumor,True
Training/notumor/Tr-no_1257.png,notumor,notumor,True
Training/notumor/Tr-no_1258.png,notumor,notumor,True
Training/notumor/Tr-no_1259.png,notumor,notumor,True
Training/notumor/Tr-no_127.png,notumor,notumor,True
Training/notumor/Tr-no_1278.png,notumor,notumor,True
Training/notumor/Tr-no_128.png,notumor,meningioma,False
Training/notumor/Tr-no_1280.png,notumor,notumor,True
Training/notumor/Tr-no_1283.png,notumor,notumor,True
Training/notumor/Tr-no_1284.png,notumor,notumor,True
Training/notumor/Tr-no_1285.png,notumor,notumor,True
Training/notumor/Tr-no_1289.png,notumor,notumor,True
Training/notumor/Tr-no_13.png,notumor,notumor,True
Training/notumor/Tr-no_1305.png,notumor,notumor,True
Training/notumor/Tr-no_131.png,notumor,notumor,True
Training/notumor/Tr-no_1320.png,notumor,notumor,True
Training/notumor/Tr-no_1324.png,notumor,notumor,True
Training/notumor/Tr-no_1339.png,notumor,notumor,True
Training/notumor/Tr-no_1340.png,notumor,notumor,True
Training/notumor/Tr-no_1346.png,notumor,notumor,True
Training/notumor/Tr-no_1353.png,notumor,notumor,True
Training/notumor/Tr-no_1360.png,notumor,notumor,True
Training/notumor/Tr-no_1362.png,notumor,notumor,True
Training/notumor/Tr-no_1366.png,notumor,notumor,True
Training/notumor/Tr-no_1368.png,notumor,notumor,True
Training/notumor/Tr-no_1370.png,notumor,notumor,True
Training/notumor/Tr-no_1380.png,notumor,notumor,True
Training/notumor/Tr-no_1381.png,notumor,notumor,True
Training/notumor/Tr-no_1384.png,notumor,notumor,True
Training/notumor/Tr-no_1386.png,notumor,notumor,True
Training/notumor/Tr-no_1388.png,notumor,notumor,True
Training/notumor/Tr-no_1391.png,notumor,notumor,True
Training/notumor/Tr-no_1392.png,notumor,notumor,True
Training/notumor/Tr-no_1393.png,notumor,notumor,True
Training/notumor/Tr-no_1394.png,notumor,notumor,True
Training/notumor/Tr-no_1395.png,notumor,notumor,True
Training/notumor/Tr-no_1396.png,notumor,notumor,True
Training/notumor/Tr-no_1397.png,notumor,notumor,True
Training/notumor/Tr-no_145.png,notumor,notumor,True
Training/notumor/Tr-no_151.png,notumor,notumor,True
Training/notumor/Tr-no_155.png,notumor,notumor,True
Training/notumor/Tr-no_161.png,notumor,notumor,True
Training/notumor/Tr-no_189.png,notumor,notumor,True
Training/notumor/Tr-no_191.png,notumor,notumor,True
Training/notumor/Tr-no_196.png,notumor,notumor,True
Training/notumor/Tr-no_197.png,notumor,notumor,True
Training/notumor/Tr-no_198.png,notumor,notumor,True
Training/notumor/Tr-no_199.png,notumor,notumor,True
Training/notumor/Tr-no_206.png,notumor,notumor,True
Training/notumor/Tr-no_208.png,notumor,meningioma,False
Training/notumor/Tr-no_210.png,notumor,notumor,True
Training/notumor/Tr-no_213.png,notumor,notumor,True
Training/notumor/Tr-no_214.png,notumor,notumor,True
Training/notumor/Tr-no_216.png,notumor,notumor,True
Training/notumor/Tr-no_225.png,notumor,notumor,True
Training/notumor/Tr-no_24.png,notumor,notumor,True
Training/notumor/Tr-no_252.png,notumor,notumor,True
Training/notumor/Tr-no_253.png,notumor,notumor,True
Training/notumor/Tr-no_254.png,notumor,notumor,True
Training/notumor/Tr-no_256.png,notumor,notumor,True
Training/notumor/Tr-no_259.png,notumor,notumor,True
Training/notumor/Tr-no_265.png,notumor,notumor,True
Training/notumor/Tr-no_27.png,notumor,notumor,True
Training/notumor/Tr-no_275.png,notumor,notumor,True
Training/notumor/Tr-no_276.png,notumor,notumor,True
Training/notumor/Tr-no_278.png,notumor,notumor,True
Training/notumor/Tr-no_285.png,notumor,notumor,True
Training/notumor/Tr-no_292.png,notumor,notumor,True
Training/notumor/Tr-no_295.png,notumor,pituitary,False
Training/notumor/Tr-no_303.png,notumor,notumor,True
Training/notumor/Tr-no_307.png,notumor,notumor,True
Training/notumor/Tr-no_310.png,notumor,notumor,True
Training/notumor/Tr-no_314.png,notumor,notumor,True
Training/notumor/Tr-no_317.png,notumor,notumor,True
Training/notumor/Tr-no_318.png,notumor,notumor,True
Training/notumor/Tr-no_319.png,notumor,notumor,True
Training/notumor/Tr-no_324.png,notumor,notumor,True
Training/notumor/Tr-no_327.png,notumor,notumor,True
Training/notumor/Tr-no_33.png,notumor,notumor,True
Training/notumor/Tr-no_341.png,notumor,notumor,True
Training/notumor/Tr-no_342.png,notumor,notumor,True
Training/notumor/Tr-no_344.png,notumor,notumor,True
Training/notumor/Tr-no_356.png,notumor,notumor,True
Training/notumor/Tr-no_357.png,notumor,notumor,True
Training/notumor/Tr-no_358.png,notumor,notumor,True
Training/notumor/Tr-no_364.png,notumor,notumor,True
Training/notumor/Tr-no_367.png,notumor,notumor,True
Training/notumor/Tr-no_368.png,notumor,notumor,True
Training/notumor/Tr-no_370.png,notumor,notumor,True
Training/notumor/Tr-no_378.png,notumor,notumor,True
Training/notumor/Tr-no_379.png,notumor,notumor,True
Training/notumor/Tr-no_380.png,notumor,notumor,True
Training/notumor/Tr-no_394.png,notumor,notumor,True
Training/notumor/Tr-no_396.png,notumor,notumor,True
Training/notumor/Tr-no_401.png,notumor,notumor,True
Training/notumor/Tr-no_404.png,notumor,notumor,True
Training/notumor/Tr-no_408.png,notumor,notumor,True
Training/notumor/Tr-no_411.png,notumor,notumor,True
Training/notumor/Tr-no_412.png,notumor,pituitary,False
Training/notumor/Tr-no_417.png,notumor,notumor,True
Training/notumor/Tr-no_424.png,notumor,notumor,True
Training/notumor/Tr-no_432.png,notumor,notumor,True
Training/notumor/Tr-no_435.png,notumor,notumor,True
Training/notumor/Tr-no_441.png,notumor,notumor,True
Training/notumor/Tr-no_458.png,notumor,notumor,True
Training/notumor/Tr-no_462.png,notumor,notumor,True
Training/notumor/Tr-no_467.png,notumor,notumor,True
Training/notumor/Tr-no_475.png,notumor,notumor,True
Training/notumor/Tr-no_476.png,notumor,notumor,True
Training/notumor/Tr-no_491.png,notumor,notumor,True
Training/notumor/Tr-no_496.png,notumor,notumor,True
Training/notumor/Tr-no_498.png,notumor,notumor,True
Training/notumor/Tr-no_499.png,notumor,notumor,True
Training/notumor/Tr-no_500.png,notumor,notumor,True
Training/notumor/Tr-no_507.png,notumor,notumor,True
Training/notumor/Tr-no_509.png,notumor,notumor,True
Training/notumor/Tr-no_514.png,notumor,notumor,True
Training/notumor/Tr-no_515.png,notumor,notumor,True
Training/notumor/Tr-no_516.png,notumor,notumor,True
Training/notumor/Tr-no_518.png,notumor,notumor,True
Training/notumor/Tr-no_523.png,notumor,notumor,True
Training/notumor/Tr-no_525.png,notumor,notumor,True
Training/notumor/Tr-no_54.png,notumor,notumor,True
Training/notumor/Tr-no_545.png,notumor,notumor,True
Training/notumor/Tr-no_55.png,notumor,notumor,True
Training/notumor/Tr-no_56.png,notumor,notumor,True
Training/notumor/Tr-no_561.png,notumor,notumor,True
Training/notumor/Tr-no_566.png,notumor,notumor,True
Training/notumor/Tr-no_568.png,notumor,notumor,True
Training/notumor/Tr-no_57.png,notumor,notumor,True
Training/notumor/Tr-no_573.png,notumor,notumor,True
Training/notumor/Tr-no_578.png,notumor,notumor,True
Training/notumor/Tr-no_584.png,notumor,notumor,True
Training/notumor/Tr-no_594.png,notumor,notumor,True
Training/notumor/Tr-no_600.png,notumor,notumor,True
Training/notumor/Tr-no_602.png,notumor,glioma,False
Training/notumor/Tr-no_604.png,notumor,notumor,True
Training/notumor/Tr-no_608.png,notumor,notumor,True
Training/notumor/Tr-no_612.png,notumor,notumor,True
Training/notumor/Tr-no_614.png,notumor,notumor,True
Training/notumor/Tr-no_615.png,notumor,notumor,True
Training/notumor/Tr-no_624.png,notumor,notumor,True
Training/notumor/Tr-no_625.png,notumor,notumor,True
Training/notumor/Tr-no_628.png,notumor,notumor,True
Training/notumor/Tr-no_629.png,notumor,notumor,True
Training/notumor/Tr-no_633.png,notumor,notumor,True
Training/notumor/Tr-no_635.png,notumor,notumor,True
Training/notumor/Tr-no_640.png,notumor,notumor,True
Training/notumor/Tr-no_644.png,notumor,notumor,True
Training/notumor/Tr-no_646.png,notumor,notumor,True
Training/notumor/Tr-no_648.png,notumor,notumor,True
Training/notumor/Tr-no_649.png,notumor,notumor,True
Training/notumor/Tr-no_655.png,notumor,notumor,True
Training/notumor/Tr-no_664.png,notumor,notumor,True
Training/notumor/Tr-no_665.png,notumor,notumor,True
Training/notumor/Tr-no_667.png,notumor,notumor,True
Training/notumor/Tr-no_671.png,notumor,notumor,True
Training/notumor/Tr-no_684.png,notumor,notumor,True
Training/notumor/Tr-no_686.png,notumor,meningioma,False
Training/notumor/Tr-no_687.png,notumor,notumor,True
Training/notumor/Tr-no_690.png,notumor,notumor,True
Training/notumor/Tr-no_695.png,notumor,notumor,True
Training/notumor/Tr-no_697.png,notumor,notumor,True
Training/notumor/Tr-no_709.png,notumor,notumor,True
Training/notumor/Tr-no_71.png,notumor,notumor,True
Training/notumor/Tr-no_726.png,notumor,notumor,True
Training/notumor/Tr-no_727.png,notumor,notumor,True
Training/notumor/Tr-no_729.png,notumor,notumor,True
Training/notumor/Tr-no_731.png,notumor,notumor,True
Training/notumor/Tr-no_734.png,notumor,notumor,True
Training/notumor/Tr-no_735.png,notumor,notumor,True
Training/notumor/Tr-no_739.png,notumor,notumor,True
Training/notumor/Tr-no_741.png,notumor,notumor,True
Training/notumor/Tr-no_742.png,notumor,notumor,True
Training/notumor/Tr-no_744.png,notumor,notumor,True
Training/notumor/Tr-no_75.png,notumor,notumor,True
Training/notumor/Tr-no_753.png,notumor,notumor,True
Training/notumor/Tr-no_759.png,notumor,notumor,True
Training/notumor/Tr-no_761.png,notumor,notumor,True
Training/notumor/Tr-no_769.png,notumor,notumor,True
Training/notumor/Tr-no_772.png,notumor,notumor,True
Training/notumor/Tr-no_779.png,notumor,notumor,True
Training/notumor/Tr-no_786.png,notumor,notumor,True
Training/notumor/Tr-no_79.png,notumor,notumor,True
Training/notumor/Tr-no_801.png,notumor,notumor,True
Training/notumor/Tr-no_803.png,notumor,notumor,True
Training/notumor/Tr-no_804.png,notumor,notumor,True
Training/notumor/Tr-no_806.png,notumor,notumor,True
Training/notumor/Tr-no_809.png,notumor,notumor,True
Training/notumor/Tr-no_822.png,notumor,notumor,True
Training/notumor/Tr-no_825.png,notumor,notumor,True
Training/notumor/Tr-no_829.png,notumor,notumor,True
Training/notumor/Tr-no_830.png,notumor,notumor,True
Training/notumor/Tr-no_834.png,notumor,notumor,True
Training/notumor/Tr-no_835.png,notumor,notumor,True
Training/notumor/Tr-no_855.png,notumor,notumor,True
Training/notumor/Tr-no_857.png,notumor,notumor,True
Training/notumor/Tr-no_863.png,notumor,notumor,True
Training/notumor/Tr-no_867.png,notumor,notumor,True
Training/notumor/Tr-no_877.png,notumor,notumor,True
Training/notumor/Tr-no_882.png,notumor,notumor,True
Training/notumor/Tr-no_887.png,notumor,notumor,True
Training/notumor/Tr-no_889.png,notumor,notumor,True
Training/notumor/Tr-no_89.png,notumor,notumor,True
Training/notumor/Tr-no_894.png,notumor,notumor,True
Training/notumor/Tr-no_898.png,notumor,notumor,True
Training/notumor/Tr-no_899.png,notumor,notumor,True
Training/notumor/Tr-no_90.png,notumor,notumor,True
Training/notumor/Tr-no_902.png,notumor,notumor,True
Training/notumor/Tr-no_918.png,notumor,notumor,True
Training/notumor/Tr-no_92.png,notumor,notumor,True
Training/notumor/Tr-no_927.png,notumor,notumor,True
Training/notumor/Tr-no_930.png,notumor,notumor,True
Training/notumor/Tr-no_933.png,notumor,notumor,True
Training/notumor/Tr-no_935.png,notumor,notumor,True
Training/notumor/Tr-no_943.png,notumor,notumor,True
Training/notumor/Tr-no_957.png,notumor,notumor,True
Training/notumor/Tr-no_958.png,notumor,notumor,True
Training/notumor/Tr-no_964.png,notumor,notumor,True
Training/notumor/Tr-no_968.png,notumor,notumor,True
Training/notumor/Tr-no_974.png,notumor,notumor,True
Training/notumor/Tr-no_978.png,notumor,notumor,True
Training/notumor/Tr-no_983.png,notumor,notumor,True
Training/notumor/Tr-no_988.png,notumor,notumor,True
Training/notumor/Tr-no_993.png,notumor,notumor,True
Training/notumor/Tr-no_997.png,notumor,notumor,True
Training/notumor/Tr-no_998.png,notumor,meningioma,False
Training/pituitary/Tr-pi_10.png,pituitary,pituitary,True
Training/pituitary/Tr-pi_1004.png,pituitary,pituitary,True
Training/pituitary/Tr-pi_101.png,pituitary,pituitary,True
Training/pituitary/Tr-pi_1013.png,pituitary,pituitary,True
Training/pituitary/Tr-pi_1023.png,pituitary,pituitary,True
Training/pituitary/Tr-pi_1028.png,pituitary,pituitary,True
Training/pituitary/Tr-pi_1034.png,pituitary,meningioma,False
Training/pituitary/Tr-pi_1036.png,pituitary,pituitary,True
Training/pituitary/Tr-pi_1045.png,pituitary,pituitary,True
Training/pituitary/Tr-pi_105.png,pituitary,pituitary,True
Training/pituitary/Tr-pi_1056.png,pituitary,pituitary,True
Training/pituitary/Tr-pi_1057.png,pituitary,pituitary,True
Training/pituitary/Tr-pi_1059.png,pituitary,pituitary,True
Training/pituitary/Tr-pi_106.png,pituitary,pituitary,True
Training/pituitary/Tr-pi_1065.png,pituitary,pituitary,True
Training/pituitary/Tr-pi_1068.png,pituitary,pituitary,True
Training/pituitary/Tr-pi_1071.png,pituitary,pituitary,True
Training/pituitary/Tr-pi_1077.png,pituitary,pituitary,True
Training/pituitary/Tr-pi_1081.png,pituitary,pituitary,True
Training/pituitary/Tr-pi_1084.png,pituitary,pituitary,True
Training/pituitary/Tr-pi_109.png,pituitary,pituitary,True
Training/pituitary/Tr-pi_1094.png,pituitary,pituitary,True
Training/pituitary/Tr-pi_11.png,pituitary,pituitary,True
Training/pituitary/Tr-pi_1108.png,pituitary,pituitary,True
Training/pituitary/Tr-pi_1112.png,pituitary,pituitary,True
Training/pituitary/Tr-pi_112.png,pituitary,pituitary,True
Training/pituitary/Tr-pi_1120.png,pituitary,pituitary,True
Training/pituitary/Tr-pi_1122.png,pituitary,pituitary,True
Training/pituitary/Tr-pi_1123.png,pituitary,pituitary,True
Training/pituitary/Tr-pi_1147.png,pituitary,pituitary,True
Training/pituitary/Tr-pi_1152.png,pituitary,pituitary,True
Training/pituitary/Tr-pi_1153.png,pituitary,pituitary,True
Training/pituitary/Tr-pi_1158.png,pituitary,pituitary,True
Training/pituitary/Tr-pi_1161.png,pituitary,pituitary,True
Training/pituitary/Tr-pi_1162.png,pituitary,pituitary,True
Training/pituitary/Tr-pi_1175.png,pituitary,pituitary,True
Training/pituitary/Tr-pi_1182.png,pituitary,pituitary,True
Training/pituitary/Tr-pi_1183.png,pituitary,pituitary,True
Training/pituitary/Tr-pi_1186.png,pituitary,pituitary,True
Training/pituitary/Tr-pi_1190.png,pituitary,pituitary,True
Training/pituitary/Tr-pi_1193.png,pituitary,pituitary,True
Training/pituitary/Tr-pi_1198.png,pituitary,pituitary,True
Training/pituitary/Tr-pi_1201.png,pituitary,pituitary,True
Training/pituitary/Tr-pi_1209.png,pituitary,pituitary,True
Training/pituitary/Tr-pi_1211.png,pituitary,pituitary,True
Training/pituitary/Tr-pi_1217.png,pituitary,pituitary,True
Training/pituitary/Tr-pi_1219.png,pituitary,pituitary,True
Training/pituitary/Tr-pi_122.png,pituitary,pituitary,True
Training/pituitary/Tr-pi_1241.png,pituitary,pituitary,True
Training/pituitary/Tr-pi_1249.png,pituitary,glioma,False
Training/pituitary/Tr-pi_1252.png,pituitary,pituitary,True
Training/pituitary/Tr-pi_1258.png,pituitary,pituitary,True
Training/pituitary/Tr-pi_1263.png,pituitary,pituitary,True
Training/pituitary/Tr-pi_1265.png,pituitary,pituitary,True
Training/pituitary/Tr-pi_1270.png,pituitary,pituitary,True
Training/pituitary/Tr-pi_1272.png,pituitary,pituitary,True
Training/pituitary/Tr-pi_1279.png,pituitary,pituitary,True
Training/pituitary/Tr-pi_1281.png,pituitary,pituitary,True
Training/pituitary/Tr-pi_1283.png,pituitary,pituitary,True
Training/pituitary/Tr-pi_129.png,pituitary,pituitary,True
Training/pituitary/Tr-pi_1292.png,pituitary,pituitary,True
Training/pituitary/Tr-pi_1297.png,pituitary,pituitary,True
Training/pituitary/Tr-pi_1300.png,pituitary,pituitary,True
Training/pituitary/Tr-pi_1302.png,pituitary,pituitary,True
Training/pituitary/Tr-pi_1307.png,pituitary,pituitary,True
Training/pituitary/Tr-pi_1309.png,pituitary,pituitary,True
Training/pituitary/Tr-pi_1310.png,pituitary,pituitary,True
Training/pituitary/Tr-pi_1314.png,pituitary,pituitary,True
Training/pituitary/Tr-pi_1319.png,pituitary,pituitary,True
Training/pituitary/Tr-pi_132.png,pituitary,pituitary,True
Training/pituitary/Tr-pi_1327.png,pituitary,pituitary,True
Training/pituitary/Tr-pi_1333.png,pituitary,pituitary,True
Training/pituitary/Tr-pi_134.png,pituitary,pituitary,True
Training/pituitary/Tr-pi_1340.png,pituitary,pituitary,True
Training/pituitary/Tr-pi_1342.png,pituitary,pituitary,True
Training/pituitary/Tr-pi_1344.png,pituitary,pituitary,True
Training/pituitary/Tr-pi_1349.png,pituitary,pituitary,True
Training/pituitary/Tr-pi_1351.png,pituitary,meningioma,False
Training/pituitary/Tr-pi_1358.png,pituitary,pituitary,True
Training/pituitary/Tr-pi_1361.png,pituitary,pituitary,True
Training/pituitary/Tr-pi_1363.png,pituitary,pituitary,True
Training/pituitary/Tr-pi_1365.png,pituitary,pituitary,True
Training/pituitary/Tr-pi_1371.png,pituitary,pituitary,True
Training/pituitary/Tr-pi_1373.png,pituitary,pituitary,True
Training/pituitary/Tr-pi_138.png,pituitary,pituitary,True
Training/pituitary/Tr-pi_1393.png,pituitary,pituitary,True
Training/pituitary/Tr-pi_1396.png,pituitary,pituitary,True
Training/pituitary/Tr-pi_1399.png,pituitary,pituitary,True
Training/pituitary/Tr-pi_140.png,pituitary,pituitary,True
Training/pituitary/Tr-pi_148.png,pituitary,pituitary,True
Training/pituitary/Tr-pi_173.png,pituitary,pituitary,True
Training/pituitary/Tr-pi_19.png,pituitary,pituitary,True
Training/pituitary/Tr-pi_192.png,pituitary,pituitary,True
Training/pituitary/Tr-pi_196.png,pituitary,pituitary,True
Training/pituitary/Tr-pi_197.png,pituitary,pituitary,True
Training/pituitary/Tr-pi_201.png,pituitary,pituitary,True
Training/pituitary/Tr-pi_22.png,pituitary,pituitary,True
Training/pituitary/Tr-pi_220.png,pituitary,pituitary,True
Training/pituitary/Tr-pi_224.png,pituitary,pituitary,True
Training/pituitary/Tr-pi_229.png,pituitary,pituitary,True
Training/pituitary/Tr-pi_234.png,pituitary,pituitary,True
Training/pituitary/Tr-pi_250.png,pituitary,pituitary,True
Training/pituitary/Tr-pi_253.png,pituitary,pituitary,True
Training/pituitary/Tr-pi_255.png,pituitary,pituitary,True
Training/pituitary/Tr-pi_259.png,pituitary,pituitary,True
Training/pituitary/Tr-pi_277.png,pituitary,pituitary,True
Training/pituitary/Tr-pi_280.png,pituitary,pituitary,True
Training/pituitary/Tr-pi_287.png,pituitary,pituitary,True
Training/pituitary/Tr-pi_292.png,pituitary,pituitary,True
Training/pituitary/Tr-pi_294.png,pituitary,pituitary,True
Training/pituitary/Tr-pi_299.png,pituitary,pituitary,True
Training/pituitary/Tr-pi_3.png,pituitary,pituitary,True
Training/pituitary/Tr-pi_307.png,pituitary,pituitary,True
Training/pituitary/Tr-pi_312.png,pituitary,pituitary,True
Training/pituitary/Tr-pi_316.png,pituitary,pituitary,True
Training/pituitary/Tr-pi_328.png,pituitary,pituitary,True
Training/pituitary/Tr-pi_336.png,pituitary,pituitary,True
Training/pituitary/Tr-pi_337.png,pituitary,pituitary,True
Training/pituitary/Tr-pi_34.png,pituitary,pituitary,True
Training/pituitary/Tr-pi_341.png,pituitary,pituitary,True
Training/pituitary/Tr-pi_348.png,pituitary,pituitary,True
Training/pituitary/Tr-pi_349.png,pituitary,pituitary,True
Training/pituitary/Tr-pi_351.png,pituitary,pituitary,True
Training/pituitary/Tr-pi_353.png,pituitary,pituitary,True
Training/pituitary/Tr-pi_356.png,pituitary,pituitary,True
Training/pituitary/Tr-pi_380.png,pituitary,pituitary,True
Training/pituitary/Tr-pi_386.png,pituitary,pituitary,True
Training/pituitary/Tr-pi_389.png,pituitary,pituitary,True
Training/pituitary/Tr-pi_395.png,pituitary,pituitary,True
Training/pituitary/Tr-pi_396.png,pituitary,pituitary,True
Training/pituitary/Tr-pi_397.png,pituitary,pituitary,True
Training/pituitary/Tr-pi_399.png,pituitary,pituitary,True
Training/pituitary/Tr-pi_402.png,pituitary,pituitary,True
Training/pituitary/Tr-pi_403.png,pituitary,pituitary,True
Training/pituitary/Tr-pi_406.png,pituitary,pituitary,True
Training/pituitary/Tr-pi_411.png,pituitary,pituitary,True
Training/pituitary/Tr-pi_417.png,pituitary,pituitary,True
Training/pituitary/Tr-pi_422.png,pituitary,pituitary,True
Training/pituitary/Tr-pi_424.png,pituitary,pituitary,True
Training/pituitary/Tr-pi_425.png,pituitary,pituitary,True
Training/pituitary/Tr-pi_429.png,pituitary,pituitary,True
Training/pituitary/Tr-pi_43.png,pituitary,pituitary,True
Training/pituitary/Tr-pi_447.png,pituitary,pituitary,True
Training/pituitary/Tr-pi_45.png,pituitary,pituitary,True
Training/pituitary/Tr-pi_457.png,pituitary,pituitary,True
Training/pituitary/Tr-pi_458.png,pituitary,pituitary,True
Training/pituitary/Tr-pi_46.png,pituitary,pituitary,True
Training/pituitary/Tr-pi_461.png,pituitary,pituitary,True
Training/pituitary/Tr-pi_477.png,pituitary,pituitary,True
Training/pituitary/Tr-pi_482.png,pituitary,pituitary,True
Training/pituitary/Tr-pi_496.png,pituitary,pituitary,True
Training/pituitary/Tr-pi_505.png,pituitary,pituitary,True
Training/pituitary/Tr-pi_511.png,pituitary,pituitary,True
Training/pituitary/Tr-pi_513.png,pituitary,pituitary,True
Training/pituitary/Tr-pi_518.png,pituitary,pituitary,True
Training/pituitary/Tr-pi_526.png,pituitary,pituitary,True
Training/pituitary/Tr-pi_527.png,pituitary,pituitary,True
Training/pituitary/Tr-pi_528.png,pituitary,pituitary,True
Training/pituitary/Tr-pi_529.png,pituitary,pituitary,True
Training/pituitary/Tr-pi_533.png,pituitary,pituitary,True
Training/pituitary/Tr-pi_538.png,pituitary,pituitary,True
Training/pituitary/Tr-pi_54.png,pituitary,pituitary,True
Training/pituitary/Tr-pi_542.png,pituitary,pituitary,True
Training/pituitary/Tr-pi_543.png,pituitary,pituitary,True
Training/pituitary/Tr-pi_546.png,pituitary,pituitary,True
Training/pituitary/Tr-pi_547.png,pituitary,pituitary,True
Training/pituitary/Tr-pi_553.png,pituitary,pituitary,True
Training/pituitary/Tr-pi_555.png,pituitary,pituitary,True
Training/pituitary/Tr-pi_557.png,pituitary,glioma,False
Training/pituitary/Tr-pi_558.png,pituitary,pituitary,True
Training/pituitary/Tr-pi_560.png,pituitary,pituitary,True
Training/pituitary/Tr-pi_561.png,pituitary,pituitary,True
Training/pituitary/Tr-pi_569.png,pituitary,pituitary,True
Training/pituitary/Tr-pi_576.png,pituitary,meningioma,False
Training/pituitary/Tr-pi_580.png,pituitary,pituitary,True
Training/pituitary/Tr-pi_584.png,pituitary,pituitary,True
Training/pituitary/Tr-pi_586.png,pituitary,pituitary,True
Training/pituitary/Tr-pi_593.png,pituitary,pituitary,True
Training/pituitary/Tr-pi_608.png,pituitary,pituitary,True
Training/pituitary/Tr-pi_610.png,pituitary,pituitary,True
Training/pituitary/Tr-pi_611.png,pituitary,pituitary,True
Training/pituitary/Tr-pi_615.png,pituitary,pituitary,True
Training/pituitary/Tr-pi_620.png,pituitary,pituitary,True
Training/pituitary/Tr-pi_625.png,pituitary,pituitary,True
Training/pituitary/Tr-pi_63.png,pituitary,pituitary,True
Training/pituitary/Tr-pi_632.png,pituitary,pituitary,True
Training/pituitary/Tr-pi_635.png,pituitary,pituitary,True
Training/pituitary/Tr-pi_637.png,pituitary,pituitary,True
Training/pituitary/Tr-pi_64.png,pituitary,pituitary,True
Training/pituitary/Tr-pi_641.png,pituitary,pituitary,True
Training/pituitary/Tr-pi_647.png,pituitary,pituitary,True
Training/pituitary/Tr-pi_649.png,pituitary,pituitary,True
Training/pituitary/Tr-pi_657.png,pituitary,pituitary,True
Training/pituitary/Tr-pi_663.png,pituitary,pituitary,True
Training/pituitary/Tr-pi_671.png,pituitary,pituitary,True
Training/pituitary/Tr-pi_673.png,pituitary,pituitary,True
Training/pituitary/Tr-pi_677.png,pituitary,pituitary,True
Training/pituitary/Tr-pi_680.png,pituitary,pituitary,True
Training/pituitary/Tr-pi_681.png,pituitary,pituitary,True
Training/pituitary/Tr-pi_688.png,pituitary,pituitary,True
Training/pituitary/Tr-pi_69.png,pituitary,pituitary,True
Training/pituitary/Tr-pi_691.png,pituitary,pituitary,True
Training/pituitary/Tr-pi_700.png,pituitary,pituitary,True
Training/pituitary/Tr-pi_704.png,pituitary,pituitary,True
Training/pituitary/Tr-pi_705.png,pituitary,pituitary,True
Training/pituitary/Tr-pi_709.png,pituitary,pituitary,True
Training/pituitary/Tr-pi_71.png,pituitary,pituitary,True
Training/pituitary/Tr-pi_710.png,pituitary,pituitary,True
Training/pituitary/Tr-pi_715.png,pituitary,pituitary,True
Training/pituitary/Tr-pi_734.png,pituitary,pituitary,True
Training/pituitary/Tr-pi_735.png,pituitary,pituitary,True
Training/pituitary/Tr-pi_74.png,pituitary,pituitary,True
Training/pituitary/Tr-pi_740.png,pituitary,pituitary,True
Training/pituitary/Tr-pi_742.png,pituitary,pituitary,True
Training/pituitary/Tr-pi_743.png,pituitary,pituitary,True
Training/pituitary/Tr-pi_751.png,pituitary,pituitary,True
Training/pituitary/Tr-pi_752.png,pituitary,pituitary,True
Training/pituitary/Tr-pi_753.png,pituitary,pituitary,True
Training/pituitary/Tr-pi_758.png,pituitary,pituitary,True
Training/pituitary/Tr-pi_76.png,pituitary,pituitary,True
Training/pituitary/Tr-pi_760.png,pituitary,pituitary,True
Training/pituitary/Tr-pi_767.png,pituitary,pituitary,True
Training/pituitary/Tr-pi_775.png,pituitary,pituitary,True
Training/pituitary/Tr-pi_78.png,pituitary,pituitary,True
Training/pituitary/Tr-pi_788.png,pituitary,pituitary,True
Training/pituitary/Tr-pi_792.png,pituitary,pituitary,True
Training/pituitary/Tr-pi_798.png,pituitary,pituitary,True
Training/pituitary/Tr-pi_802.png,pituitary,pituitary,True
Training/pituitary/Tr-pi_803.png,pituitary,pituitary,True
Training/pituitary/Tr-pi_808.png,pituitary,pituitary,True
Training/pituitary/Tr-pi_817.png,pituitary,pituitary,True
Training/pituitary/Tr-pi_818.png,pituitary,pituitary,True
Training/pituitary/Tr-pi_825.png,pituitary,pituitary,True
Training/pituitary/Tr-pi_826.png,pituitary,pituitary,True
Training/pituitary/Tr-pi_828.png,pituitary,pituitary,True
Training/pituitary/Tr-pi_831.png,pituitary,pituitary,True
Training/pituitary/Tr-pi_835.png,pituitary,pituitary,True
Training/pituitary/Tr-pi_837.png,pituitary,pituitary,True
Training/pituitary/Tr-pi_84.png,pituitary,pituitary,True
Training/pituitary/Tr-pi_845.png,pituitary,pituitary,True
Training/pituitary/Tr-pi_847.png,pituitary,pituitary,True
Training/pituitary/Tr-pi_849.png,pituitary,pituitary,True
Training/pituitary/Tr-pi_852.png,pituitary,pituitary,True
Training/pituitary/Tr-pi_863.png,pituitary,pituitary,True
Training/pituitary/Tr-pi_864.png,pituitary,pituitary,True
Training/pituitary/Tr-pi_866.png,pituitary,pituitary,True
Training/pituitary/Tr-pi_868.png,pituitary,pituitary,True
Training/pituitary/Tr-pi_87.png,pituitary,pituitary,True
Training/pituitary/Tr-pi_873.png,pituitary,pituitary,True
Training/pituitary/Tr-pi_877.png,pituitary,pituitary,True
Training/pituitary/Tr-pi_878.png,pituitary,pituitary,True
Training/pituitary/Tr-pi_886.png,pituitary,pituitary,True
Training/pituitary/Tr-pi_887.png,pituitary,pituitary,True
Training/pituitary/Tr-pi_89.png,pituitary,pituitary,True
Training/pituitary/Tr-pi_896.png,pituitary,pituitary,True
Training/pituitary/Tr-pi_897.png,pituitary,pituitary,True
Training/pituitary/Tr-pi_900.png,pituitary,pituitary,True
Training/pituitary/Tr-pi_901.png,pituitary,pituitary,True
Training/pituitary/Tr-pi_909.png,pituitary,pituitary,True
Training/pituitary/Tr-pi_910.png,pituitary,pituitary,True
Training/pituitary/Tr-pi_920.png,pituitary,pituitary,True
Training/pituitary/Tr-pi_925.png,pituitary,pituitary,True
Training/pituitary/Tr-pi_926.png,pituitary,pituitary,True
Training/pituitary/Tr-pi_929.png,pituitary,pituitary,True
Training/pituitary/Tr-pi_930.png,pituitary,pituitary,True
Training/pituitary/Tr-pi_938.png,pituitary,pituitary,True
Training/pituitary/Tr-pi_940.png,pituitary,pituitary,True
Training/pituitary/Tr-pi_945.png,pituitary,pituitary,True
Training/pituitary/Tr-pi_947.png,pituitary,pituitary,True
Training/pituitary/Tr-pi_954.png,pituitary,meningioma,False
Training/pituitary/Tr-pi_957.png,pituitary,pituitary,True
Training/pituitary/Tr-pi_959.png,pituitary,pituitary,True
Training/pituitary/Tr-pi_96.png,pituitary,meningioma,False
Training/pituitary/Tr-pi_967.png,pituitary,pituitary,True
Training/pituitary/Tr-pi_972.png,pituitary,pituitary,True
Training/pituitary/Tr-pi_979.png,pituitary,pituitary,True
Training/pituitary/Tr-pi_982.png,pituitary,pituitary,True
Training/pituitary/Tr-pi_983.png,pituitary,pituitary,True
Training/pituitary/Tr-pi_985.png,pituitary,pituitary,True
Training/pituitary/Tr-pi_991.png,pituitary,pituitary,True
